dir,q4Loss,q5Loss,childCount,depth,internalRatio,q4Concentration,q5Concentration
src/vs,1,1,7103,2,1,1,1
src/vs/base/browser,0.125,0.0645,105,4,0.10228146629069469,0.03333333333333333,0
src/vs/base,0.6364,0.0645,460,3,0.07372851073966728,0.5333333333333333,0
src/vs/base/common,0.5366,0,151,4,0.02168920643021179,0.4666666666666667,0
src/vs/base/node,0,0,20,4,0.036458333333333336,0,0
src/vs/base/parts,0,0,37,4,0.10024449877750612,0,0
src/vs/base/test,0.0645,0,147,4,0.09210526315789473,0.03333333333333333,0
src/vs/code/browser,0,0,1,4,0,0,0
src/vs/code,0,0.0645,18,3,0.021937842778793418,0,0.06666666666666667
src/vs/code/electron-browser,0,0,1,4,0,0,0
src/vs/code/electron-main,0,0,2,4,0.004694835680751174,0,0.03333333333333333
src/vs/code/electron-utility,0,0,9,4,0.038834951456310676,0,0.03333333333333333
src/vs/code/node,0,0,3,4,0.010526315789473684,0,0
src/vs/code/test,0,0,2,4,0,0,0
src/vs/editor/browser,0.0645,0.0645,147,4,0.16893632683106366,0,0
src/vs/editor,0.125,0.1818,852,3,0.43083550065019505,0.06666666666666667,0.03333333333333333
src/vs/editor/common,0.125,0.0645,224,4,0.1565134404326388,0.06666666666666667,0
src/vs/editor/contrib,0,0.0645,329,4,0.13954918032786887,0,0
src/vs/editor/standalone,0,0,29,4,0.10304449648711944,0,0.03333333333333333
src/vs/editor/test,0,0.0645,119,4,0.08795811518324607,0,0
src/vs/platform/accessibility,0,0,6,4,0.0136986301369863,0,0
src/vs/platform,0.5366,0.125,1776,3,0.2342252110459293,0.3333333333333333,0.1
src/vs/platform/accessibilitySignal,0,0,2,4,0.014084507042253521,0,0
src/vs/platform/action,0,0,2,4,0.005988023952095809,0,0
src/vs/platform/actionWidget,0,0,7,4,0.03825136612021858,0,0
src/vs/platform/actions,0.0645,0,14,4,0.01951219512195122,0.03333333333333333,0
src/vs/platform/agentHost,0.0645,0.125,1025,4,0.6121965660153937,0,0.1
src/vs/platform/agentPlugins,0,0,2,4,0.02702702702702703,0,0
src/vs/platform/assignment,0,0,1,4,0,0,0
src/vs/platform/auxiliaryWindow,0,0,3,4,0.08823529411764706,0,0
src/vs/platform/backup,0,0,5,4,0.15517241379310345,0,0
src/vs/platform/browserView,0,0,34,4,0.2814814814814815,0,0
src/vs/platform/checksum,0,0,3,4,0.1111111111111111,0,0
src/vs/platform/clipboard,0,0,3,4,0.01652892561983471,0,0
src/vs/platform/commands,0,0,3,4,0.004273504273504274,0.03333333333333333,0
src/vs/platform/configuration,0.0645,0,12,4,0.014781491002570694,0.03333333333333333,0
src/vs/platform/contextkey,0.0645,0,8,4,0.00872093023255814,0.03333333333333333,0
src/vs/platform/contextview,0,0,4,4,0.013468013468013467,0,0
src/vs/platform/cssDev,0,0,1,4,0,0,0
src/vs/platform/dataChannel,0,0,2,4,0.058823529411764705,0,0
src/vs/platform/debug,0,0,3,4,0.10714285714285714,0,0
src/vs/platform/defaultAccount,0,0,1,4,0,0,0
src/vs/platform/diagnostics,0,0,4,4,0.04918032786885246,0,0
src/vs/platform/dialogs,0,0,5,4,0.008823529411764706,0,0
src/vs/platform/dnd,0,0,1,4,0,0,0
src/vs/platform/domWidget,0,0,1,4,0,0,0
src/vs/platform/download,0,0,3,4,0.06060606060606061,0,0
src/vs/platform/editor,0,0,2,4,0.005405405405405406,0,0
src/vs/platform/encryption,0,0,2,4,0.07142857142857142,0,0
src/vs/platform/endpoint,0,0,1,4,0,0,0
src/vs/platform/environment,0,0,15,4,0.058823529411764705,0,0
src/vs/platform/extensionManagement,0,0,38,4,0.10684931506849316,0,0
src/vs/platform/extensionRecommendations,0,0,2,4,0.05263157894736842,0,0
src/vs/platform/extensionResourceLoader,0,0,3,4,0.03389830508474576,0,0
src/vs/platform/extensions,0,0,7,4,0.013227513227513227,0,0
src/vs/platform/externalServices,0,0,2,4,0.041666666666666664,0,0
src/vs/platform/externalTerminal,0,0,5,4,0.1724137931034483,0,0
src/vs/platform/files,0.0645,0,36,4,0.06280587275693311,0.03333333333333333,0
src/vs/platform/git,0,0,3,4,0.14285714285714285,0,0
src/vs/platform/history,0,0,2,4,0,0,0
src/vs/platform/hover,0,0,6,4,0.022151898734177215,0,0
src/vs/platform/imageResize,0,0,2,4,0.07692307692307693,0,0
src/vs/platform/instantiation,0.0645,0,9,4,0.0071860816944024205,0.03333333333333333,0
src/vs/platform/ipc,0,0,4,4,0.044444444444444446,0,0
src/vs/platform/jsonschemas,0,0,1,4,0,0,0
src/vs/platform/keybinding,0.0645,0,12,4,0.03443328550932568,0,0
src/vs/platform/keyboardLayout,0,0,5,4,0.06976744186046512,0,0
src/vs/platform/label,0,0,1,4,0,0,0
src/vs/platform/languagePacks,0,0,4,4,0.038461538461538464,0,0
src/vs/platform/launch,0,0,1,4,0,0,0
src/vs/platform/layout,0,0,2,4,0,0,0
src/vs/platform/lifecycle,0,0,3,4,0,0,0
src/vs/platform/list,0,0,1,4,0,0,0
src/vs/platform/log,0.0645,0,10,4,0.010325655281969817,0.03333333333333333,0
src/vs/platform/markdown,0,0,1,4,0,0,0
src/vs/platform/markers,0,0,3,4,0.027777777777777776,0,0
src/vs/platform/mcp,0,0,23,4,0.125,0,0
src/vs/platform/menubar,0,0,4,4,0.11428571428571428,0,0
src/vs/platform/meteredConnection,0,0,7,4,0.11864406779661017,0,0
src/vs/platform/native,0,0,4,4,0.018404907975460124,0,0
src/vs/platform/networkFilter,0,0,5,4,0.10416666666666667,0,0
src/vs/platform/notification,0,0,2,4,0.0030303030303030303,0,0
src/vs/platform/observable,0,0,4,4,0,0,0
src/vs/platform/opener,0,0,4,4,0.011320754716981131,0,0
src/vs/platform/otel,0,0,10,4,0.4722222222222222,0,0
src/vs/platform/policy,0,0,14,4,0.125,0,0
src/vs/platform/process,0,0,2,4,0.05555555555555555,0,0
src/vs/platform/product,0,0,2,4,0,0,0
src/vs/platform/profiling,0,0,9,4,0.23076923076923078,0,0
src/vs/platform/progress,0,0,1,4,0,0,0
src/vs/platform/protocol,0,0,2,4,0.05263157894736842,0,0
src/vs/platform/quickinput,0,0,25,4,0.10177705977382875,0,0
src/vs/platform/registry,0,0,2,4,0.002631578947368421,0,0
src/vs/platform/remote,0,0,19,4,0.07569721115537849,0,0
src/vs/platform/remoteTunnel,0,0,3,4,0.07142857142857142,0,0
src/vs/platform/request,0,0,7,4,0.047619047619047616,0,0
src/vs/platform/sandbox,0,0,16,4,0.19834710743801653,0,0
src/vs/platform/secrets,0,0,3,4,0.046511627906976744,0,0
src/vs/platform/sharedProcess,0,0,3,4,0.07692307692307693,0,0
src/vs/platform/shell,0,0,1,4,0,0,0
src/vs/platform/sign,0,0,4,4,0.14705882352941177,0,0
src/vs/platform/state,0,0,3,4,0.046511627906976744,0,0
src/vs/platform/storage,0.0645,0,8,4,0.016506189821182942,0.03333333333333333,0
src/vs/platform/telemetry,0.0645,0,26,4,0.056010928961748634,0.03333333333333333,0
src/vs/platform/terminal,0,0,47,4,0.15151515151515152,0,0
src/vs/platform/test,0,0,1,4,0,0,0
src/vs/platform/theme,0.0645,0,25,4,0.05719557195571956,0,0
src/vs/platform/tunnel,0,0,9,4,0.08888888888888889,0,0
src/vs/platform/undoRedo,0,0,3,4,0.03614457831325301,0,0
src/vs/platform/update,0,0,9,4,0.07518796992481203,0,0
src/vs/platform/uriIdentity,0,0,3,4,0.006600660066006601,0,0
src/vs/platform/url,0,0,9,4,0.08974358974358974,0,0
src/vs/platform/userData,0,0,2,4,0.024390243902439025,0,0
src/vs/platform/userDataProfile,0,0,13,4,0.053125,0,0
src/vs/platform/userDataSync,0,0.0645,52,4,0.18679775280898878,0,0
src/vs/platform/userInteraction,0,0,2,4,0.038461538461538464,0,0
src/vs/platform/utilityProcess,0,0,3,4,0.06060606060606061,0,0
src/vs/platform/webContentExtractor,0,0,10,4,0.21212121212121213,0,0
src/vs/platform/webWorker,0,0,3,4,0.075,0,0
src/vs/platform/webview,0,0,5,4,0.07407407407407407,0,0
src/vs/platform/window,0,0,3,4,0.014492753623188406,0,0
src/vs/platform/windows,0,0,8,4,0.045714285714285714,0,0
src/vs/platform/workspace,0,0,7,4,0.006802721088435374,0.03333333333333333,0
src/vs/platform/workspaces,0,0,11,4,0.06557377049180328,0,0
src/vs/server/node,0,0,20,4,0.1,0,0.03333333333333333
src/vs/server,0,0,25,3,0.11,0,0.03333333333333333
src/vs/server/test,0,0,5,4,0,0,0
src/vs/sessions/browser,0,0.0645,55,4,0.07963446475195822,0,0
src/vs/sessions,0,0.125,389,3,0.22423178226514487,0,0.1
src/vs/sessions/common,0,0,9,4,0,0,0
src/vs/sessions/contrib,0,0.125,272,4,0.12153038259564891,0,0
src/vs/sessions/electron-browser,0,0,5,4,0.008064516129032258,0,0
src/vs/sessions/services,0,0,33,4,0.09322033898305085,0,0
src/vs/sessions/test,0,0,11,4,0.023809523809523808,0,0
src/vs/workbench/api,0,0.1818,314,4,0.2783943329397875,0,0.1
src/vs/workbench,0.125,0.8462,3581,3,0.342471835284977,0.03333333333333333,0.6666666666666666
src/vs/workbench/browser,0,0.0645,113,4,0.07589285714285714,0,0.03333333333333333
src/vs/workbench/common,0.0645,0,29,4,0.021578648495173196,0,0
src/vs/workbench/contrib,0.0645,0.6667,2453,4,0.2510003923107101,0,0.36666666666666664
src/vs/workbench/electron-browser,0,0,10,4,0.023178807947019868,0,0
src/vs/workbench/services,0.0645,0.125,581,4,0.14278656126482214,0.03333333333333333,0
src/vs/workbench/test,0,0.0645,77,4,0.0461361014994233,0,0.06666666666666667
