timestamp,heap_used_mb,rss_mb,fd_count,active_handles,active_requests,history_length,snapshot_count,harvest_count,event_loop_lag_ms,uptime_seconds,history_file_size_mb,audit_file_size_mb,ping_p99_ms,snapshot_latency_p99_ms
2026-06-24T08:27:09.176Z,129.09,238.77,25,3,0,1006,5,1,0.47,60,0.70,0.00,2.42,19.21
2026-06-24T08:28:09.178Z,125.87,237.65,25,3,0,1014,11,3,1.35,120,0.70,0.00,2.25,9.23
2026-06-24T08:28:12.830Z,124.67,225.76,26,3,0,1016,0,0,1.68,60,0.71,0.00,2.37,1.48
2026-06-24T08:29:09.180Z,134.53,244.91,25,3,0,1022,17,5,0.55,180,0.71,0.00,2.37,5.20
2026-06-24T08:29:12.831Z,125.06,225.76,26,3,0,1024,0,0,1.24,120,0.71,0.00,2.06,1.95
2026-06-24T08:30:09.180Z,129.63,244.52,25,3,0,1030,23,7,1.87,240,0.71,0.00,2.14,20.27
2026-06-24T08:30:12.833Z,125.39,225.76,26,3,0,1032,0,0,1.28,180,0.71,0.00,2.17,2.27
2026-06-24T08:31:09.186Z,123.65,242.12,25,3,0,1038,29,9,0.92,300,0.71,0.00,5.50,5.66
2026-06-24T08:31:12.836Z,125.74,225.76,26,3,0,1040,0,0,1.93,240,0.71,0.00,2.26,2.27
2026-06-24T08:32:09.191Z,132.39,249.31,25,3,0,1046,35,11,1.07,360,0.72,0.00,2.12,10.99
2026-06-24T08:32:12.839Z,125.21,225.76,26,3,0,1048,0,0,1.63,300,0.72,0.00,2.70,2.41
2026-06-24T08:33:09.192Z,130.01,245.95,25,3,0,1054,41,13,0.86,420,0.72,0.00,2.12,6.41
2026-06-24T08:33:12.842Z,125.54,225.95,26,3,0,1056,0,0,0.64,360,0.72,0.00,2.19,2.33
2026-06-24T08:34:09.193Z,125.42,242.15,25,3,0,1062,47,15,0.63,480,0.72,0.00,1.97,5.30
2026-06-24T08:34:12.848Z,125.86,225.95,26,3,0,1064,0,0,1.01,420,0.72,0.00,2.04,2.13
2026-06-24T08:35:09.195Z,134.05,249.41,25,3,0,1070,53,17,1.25,540,0.72,0.00,1.83,30.76
2026-06-24T08:35:12.848Z,126.33,226.14,26,3,0,1072,0,0,1.49,480,0.73,0.00,2.09,3.12
2026-06-24T08:36:09.198Z,130.10,246.40,24,2,0,1078,59,19,1.13,600,0.73,0.00,4.97,6.22
2026-06-24T08:36:12.846Z,126.09,226.14,25,2,0,1080,0,0,1.10,540,0.73,0.00,2.00,1.89
2026-06-24T08:37:09.201Z,125.46,242.44,24,2,0,1086,65,21,1.22,660,0.73,0.00,1.98,6.95
2026-06-24T08:37:12.850Z,126.34,226.14,25,2,0,1088,0,0,1.30,600,0.73,0.00,1.75,2.14
2026-06-24T08:38:09.202Z,134.13,249.65,24,2,0,1094,71,23,1.33,720,0.73,0.00,1.75,5.03
2026-06-24T08:38:12.855Z,126.58,226.14,25,2,0,1096,0,0,1.44,660,0.73,0.00,1.79,2.19
2026-06-24T08:39:09.202Z,130.17,246.26,24,2,0,1102,77,25,1.31,780,0.74,0.00,1.66,6.42
2026-06-24T08:39:12.856Z,126.80,226.32,25,2,0,1104,0,0,1.12,720,0.74,0.00,1.85,2.04
2026-06-24T08:40:09.210Z,125.50,242.28,24,2,0,1110,83,27,1.34,840,0.74,0.00,1.76,6.37
2026-06-24T08:40:12.855Z,126.20,226.32,25,2,0,1112,0,0,1.09,780,0.74,0.00,1.75,1.90
2026-06-24T08:41:09.212Z,134.95,250.30,24,2,0,1118,89,29,1.09,900,0.74,0.00,1.75,6.56
2026-06-24T08:41:12.860Z,126.39,226.32,25,2,0,1120,0,0,1.10,840,0.74,0.00,1.74,1.61
2026-06-24T08:42:09.214Z,130.20,246.16,24,2,0,1126,95,31,1.09,960,0.74,0.00,1.87,6.20
2026-06-24T08:42:12.865Z,126.60,226.32,25,2,0,1128,0,0,1.10,900,0.75,0.00,1.79,1.81
2026-06-24T08:43:09.215Z,125.52,242.14,24,2,0,1134,101,33,1.19,1020,0.75,0.00,1.74,7.14
2026-06-24T08:43:12.867Z,126.81,226.32,26,3,0,1136,0,0,2.23,960,0.75,0.00,1.73,1.74
2026-06-24T08:44:09.215Z,135.02,250.12,24,2,0,1142,107,35,1.19,1080,0.75,0.00,1.78,7.67
2026-06-24T08:44:12.869Z,126.97,226.32,25,2,0,1144,0,0,1.14,1020,0.75,0.00,1.79,1.97
2026-06-24T08:45:09.221Z,130.24,246.13,24,2,0,1150,113,37,1.29,1140,0.75,0.00,1.91,7.07
2026-06-24T08:45:12.872Z,126.38,226.32,26,3,0,1152,0,0,1.09,1080,0.75,0.00,1.77,1.91
2026-06-24T08:46:09.224Z,125.55,242.30,24,2,0,1158,119,39,1.11,1200,0.76,0.00,1.92,7.74
2026-06-24T08:46:12.878Z,126.40,226.32,25,2,0,1160,0,0,1.34,1140,0.76,0.00,1.74,1.71
2026-06-24T08:47:09.225Z,135.08,250.16,24,2,0,1166,125,41,1.10,1260,0.76,0.00,1.85,6.39
2026-06-24T08:47:12.880Z,126.44,226.32,25,2,0,1168,0,0,1.17,1200,0.76,0.00,1.73,1.77
2026-06-24T08:48:09.228Z,130.35,246.17,24,2,0,1174,131,43,1.15,1320,0.76,0.00,1.75,6.72
2026-06-24T08:48:12.884Z,126.49,226.32,25,2,0,1176,0,0,1.36,1260,0.76,0.00,1.60,1.37
2026-06-24T08:49:09.229Z,125.61,242.22,24,2,0,1182,137,45,1.25,1380,0.77,0.00,1.75,6.23
2026-06-24T08:49:12.882Z,126.56,226.32,25,2,0,1184,0,0,1.08,1320,0.77,0.00,1.71,1.52
2026-06-24T08:50:09.233Z,135.24,250.45,24,2,0,1190,143,47,1.32,1440,0.77,0.00,1.59,5.83
2026-06-24T08:50:12.888Z,126.61,226.32,25,2,0,1192,0,0,1.09,1380,0.77,0.00,1.55,1.73
2026-06-24T08:51:09.235Z,131.22,246.91,24,2,0,1198,149,49,1.32,1500,0.77,0.00,1.69,5.43
2026-06-24T08:51:12.891Z,126.66,226.32,25,2,0,1200,0,0,1.09,1440,0.77,0.00,1.74,1.68
2026-06-24T08:52:09.235Z,125.69,242.18,24,2,0,1206,155,51,1.23,1560,0.77,0.00,1.77,5.23
2026-06-24T08:52:12.894Z,126.70,226.32,25,2,0,1208,0,0,1.08,1500,0.77,0.00,1.50,1.68
2026-06-24T08:53:09.235Z,136.87,251.77,24,2,0,1214,161,53,1.08,1620,0.78,0.00,1.68,5.32
2026-06-24T08:53:12.896Z,126.75,226.51,25,2,0,1216,0,0,1.10,1560,0.78,0.00,1.77,1.76
2026-06-24T08:54:09.242Z,130.48,246.21,24,2,0,1222,167,55,1.15,1680,0.78,0.00,1.43,6.72
2026-06-24T08:54:12.896Z,126.79,226.51,25,2,0,1224,0,0,1.20,1620,0.78,0.00,1.47,1.65
2026-06-24T08:55:09.240Z,125.70,242.27,24,2,0,1230,173,57,1.25,1740,0.78,0.00,1.55,6.28
2026-06-24T08:55:12.900Z,126.84,226.70,25,2,0,1232,0,0,2.25,1680,0.78,0.00,1.29,1.79
2026-06-24T08:56:09.242Z,136.93,251.88,24,2,0,1238,179,59,1.09,1800,0.79,0.00,1.69,6.36
2026-06-24T08:56:12.902Z,126.89,226.70,25,2,0,1240,0,0,1.13,1740,0.79,0.00,1.71,1.70
2026-06-24T08:57:09.245Z,131.35,247.09,24,2,0,1246,185,61,1.15,1860,0.79,0.00,1.81,5.73
2026-06-24T08:57:12.907Z,126.95,226.70,25,2,0,1248,0,0,1.59,1800,0.79,0.00,1.72,1.95
2026-06-24T08:58:09.247Z,129.72,246.13,24,2,0,1254,191,63,1.18,1920,0.79,0.00,1.42,6.33
2026-06-24T08:58:12.907Z,127.00,226.70,25,2,0,1256,0,0,1.09,1860,0.79,0.00,1.73,2.01
2026-06-24T08:59:09.250Z,128.90,246.41,24,2,0,1262,197,65,1.09,1980,0.79,0.00,1.61,8.73
2026-06-24T08:59:12.911Z,127.04,226.89,25,2,0,1264,0,0,1.16,1920,0.79,0.00,1.76,2.02
2026-06-24T09:00:09.253Z,125.73,242.32,24,2,0,1270,203,67,1.22,2040,0.80,0.00,1.71,8.56
2026-06-24T09:00:12.916Z,127.09,226.89,25,2,0,1272,0,0,1.19,1980,0.80,0.00,1.67,1.66
2026-06-24T09:01:09.254Z,123.88,242.36,24,2,0,1278,209,69,2.27,2100,0.80,0.00,1.85,7.78
2026-06-24T09:01:12.919Z,127.16,226.89,25,2,0,1280,0,0,1.10,2040,0.80,0.00,1.67,1.50
2026-06-24T09:02:09.251Z,126.72,243.91,24,2,0,1286,215,71,1.19,2160,0.80,0.00,1.66,5.47
2026-06-24T09:02:12.922Z,127.18,227.07,25,2,0,1288,0,0,1.16,2100,0.80,0.00,1.69,1.56
2026-06-24T09:03:09.257Z,133.83,250.60,24,2,0,1294,221,73,1.09,2220,0.81,0.00,38.02,6.49
2026-06-24T09:03:12.921Z,127.23,227.26,25,2,0,1296,0,0,1.10,2160,0.81,0.00,1.74,1.74
2026-06-24T09:04:09.260Z,131.38,247.37,24,2,0,1302,227,75,1.33,2280,0.81,0.00,1.95,5.71
2026-06-24T09:04:12.928Z,127.27,227.26,25,2,0,1304,0,0,1.11,2220,0.81,0.00,1.75,2.08
2026-06-24T09:05:09.259Z,131.43,248.19,24,2,0,1310,233,77,1.10,2340,0.81,0.00,4.24,6.35
2026-06-24T09:05:12.932Z,127.31,227.26,25,2,0,1312,0,0,1.09,2280,0.81,0.00,1.60,1.65
2026-06-24T09:06:09.260Z,130.66,247.16,24,2,0,1318,239,79,1.17,2400,0.81,0.00,1.38,5.73
2026-06-24T09:06:12.934Z,127.37,227.26,25,2,0,1320,0,0,1.11,2340,0.81,0.00,1.66,1.62
2026-06-24T09:07:09.266Z,127.36,244.85,24,2,0,1326,245,81,1.31,2460,0.82,0.00,1.77,5.13
2026-06-24T09:07:12.936Z,127.41,227.26,25,2,0,1328,0,0,1.25,2400,0.82,0.00,1.70,1.92
2026-06-24T09:08:09.269Z,124.10,242.50,24,2,0,1334,251,83,1.18,2520,0.82,0.00,1.65,8.93
2026-06-24T09:08:12.933Z,127.48,227.26,25,2,0,1336,0,0,1.18,2460,0.82,0.00,1.66,1.64
2026-06-24T09:09:09.271Z,131.82,246.48,24,2,0,1342,257,85,1.17,2580,0.82,0.00,1.56,8.88
2026-06-24T09:09:12.937Z,127.49,227.26,25,2,0,1344,0,0,1.07,2520,0.82,0.00,1.45,1.27
2026-06-24T09:10:09.274Z,134.91,250.52,24,2,0,1350,263,87,1.09,2640,0.83,0.00,1.67,6.82
2026-06-24T09:10:12.942Z,128.28,227.26,25,2,0,1352,0,0,1.19,2580,0.83,0.00,1.58,1.59
2026-06-24T09:11:09.276Z,130.78,245.91,24,2,0,1358,269,89,1.18,2700,0.83,0.00,1.70,8.48
2026-06-24T09:11:12.944Z,128.33,227.26,25,2,0,1360,0,0,1.14,2640,0.83,0.00,1.63,1.98
2026-06-24T09:12:09.279Z,125.79,242.77,24,2,0,1366,275,91,1.26,2760,0.83,0.00,1.73,7.04
2026-06-24T09:12:12.946Z,128.36,227.45,25,2,0,1368,0,0,1.09,2700,0.83,0.00,1.71,1.87
2026-06-24T09:13:09.286Z,125.09,243.46,24,2,0,1374,281,93,1.44,2820,0.83,0.00,1.51,4.98
2026-06-24T09:13:12.950Z,128.37,227.45,25,2,0,1376,0,0,1.17,2760,0.83,0.00,1.73,1.86
2026-06-24T09:14:09.285Z,134.98,252.33,24,2,0,1382,287,95,1.09,2880,0.84,0.00,1.63,6.71
2026-06-24T09:14:12.955Z,128.39,227.45,25,2,0,1384,0,0,1.33,2820,0.84,0.00,1.40,1.23
2026-06-24T09:15:09.288Z,130.05,248.32,24,2,0,1390,293,97,1.18,2940,0.84,0.00,1.72,6.12
2026-06-24T09:15:12.957Z,128.41,227.64,25,2,0,1392,0,0,1.22,2880,0.84,0.00,1.79,1.58
2026-06-24T09:16:09.292Z,131.68,250.21,24,2,0,1398,299,99,1.15,3000,0.84,0.00,2.05,5.68
2026-06-24T09:16:12.959Z,128.43,227.64,25,2,0,1400,0,0,1.09,2940,0.84,0.00,1.76,0.79
2026-06-24T09:17:09.296Z,130.88,249.89,24,2,0,1406,305,101,1.16,3060,0.85,0.00,1.29,5.52
2026-06-24T09:17:12.960Z,128.45,227.64,25,2,0,1408,0,0,1.09,3000,0.85,0.00,1.58,1.26
2026-06-24T09:18:09.298Z,130.06,249.64,24,2,0,1414,311,103,1.09,3120,0.85,0.00,1.64,6.86
2026-06-24T09:18:12.964Z,128.47,227.64,25,2,0,1416,0,0,1.09,3060,0.85,0.00,1.65,1.40
2026-06-24T09:19:09.302Z,130.93,250.49,24,2,0,1422,317,105,1.25,3180,0.85,0.00,1.62,5.34
2026-06-24T09:19:12.968Z,128.54,227.64,25,2,0,1424,0,0,1.10,3120,0.85,0.00,1.50,1.22
2026-06-24T09:20:09.302Z,130.11,249.80,24,2,0,1430,323,107,1.23,3240,0.85,0.00,1.66,7.41
2026-06-24T09:20:12.973Z,128.56,227.64,25,2,0,1432,0,0,1.09,3180,0.85,0.00,1.50,1.66
2026-06-24T09:21:09.307Z,130.10,249.71,24,2,0,1438,329,109,1.21,3300,0.86,0.00,1.71,7.82
2026-06-24T09:21:12.975Z,128.58,227.64,25,2,0,1440,0,0,1.08,3240,0.86,0.00,1.66,1.87
2026-06-24T09:22:09.310Z,131.82,251.75,24,2,0,1446,335,111,1.10,3360,0.86,0.00,1.68,7.20
2026-06-24T09:22:12.976Z,128.60,227.64,25,2,0,1448,0,0,1.14,3300,0.86,0.00,1.63,1.91
2026-06-24T09:23:09.311Z,127.48,248.36,24,2,0,1454,341,113,1.10,3420,0.86,0.00,1.65,7.80
2026-06-24T09:23:12.977Z,128.60,227.82,25,2,0,1456,0,0,1.36,3360,0.86,0.00,1.74,1.86
2026-06-24T09:24:09.313Z,132.13,250.20,24,2,0,1462,347,115,1.13,3480,0.87,0.00,1.65,7.28
2026-06-24T09:24:12.980Z,128.73,228.01,25,2,0,1464,0,0,1.16,3420,0.87,0.00,1.42,1.41
2026-06-24T09:25:09.315Z,136.11,254.85,24,2,0,1470,353,117,1.37,3540,0.87,0.00,1.54,6.69
2026-06-24T09:25:12.983Z,128.76,228.01,25,2,0,1472,0,0,1.09,3480,0.87,0.00,1.63,1.12
2026-06-24T09:26:09.321Z,127.50,248.58,24,2,0,1478,359,119,1.32,3600,0.87,0.00,1.69,7.68
2026-06-24T09:26:12.983Z,128.82,228.20,25,2,0,1480,0,0,1.11,3540,0.87,0.00,1.68,1.46
2026-06-24T09:27:09.325Z,132.21,251.17,24,2,0,1486,365,121,1.28,3660,0.87,0.00,1.72,7.35
2026-06-24T09:27:12.990Z,128.83,228.39,25,2,0,1488,0,0,1.31,3600,0.87,0.00,1.48,1.39
2026-06-24T09:28:09.324Z,131.70,253.27,24,2,0,1494,371,123,1.09,3720,0.88,0.00,1.70,8.56
2026-06-24T09:28:12.993Z,128.86,228.39,25,2,0,1496,0,0,1.19,3660,0.88,0.00,1.71,1.28
2026-06-24T09:29:09.325Z,130.95,251.75,24,2,0,1502,377,125,1.08,3780,0.88,0.00,5.27,7.91
2026-06-24T09:29:12.995Z,128.89,228.39,25,2,0,1504,0,0,1.08,3720,0.88,0.00,1.69,1.28
2026-06-24T09:30:09.326Z,131.12,252.66,24,2,0,1510,383,127,1.28,3840,0.88,0.00,1.45,5.83
2026-06-24T09:30:12.996Z,128.92,228.39,25,2,0,1512,0,0,0.05,3780,0.88,0.00,1.57,1.13
2026-06-24T09:31:09.331Z,131.11,252.78,24,2,0,1518,389,129,1.08,3900,0.89,0.00,1.15,5.95
2026-06-24T09:31:12.999Z,128.98,228.39,25,2,0,1520,0,0,1.24,3840,0.89,0.00,1.57,1.46
2026-06-24T09:32:09.332Z,127.52,250.39,24,2,0,1526,395,131,1.09,3960,0.89,0.00,1.22,6.02
2026-06-24T09:32:13.002Z,128.98,228.57,25,2,0,1528,0,0,1.11,3900,0.89,0.00,1.41,1.38
2026-06-24T09:33:09.334Z,131.40,253.62,24,2,0,1534,401,133,1.09,4020,0.89,0.00,1.20,8.60
2026-06-24T09:33:13.007Z,129.01,228.57,25,2,0,1536,0,0,1.14,3960,0.89,0.00,1.50,0.80
2026-06-24T09:34:09.335Z,127.79,250.73,24,2,0,1542,407,135,1.09,4080,0.89,0.00,1.18,9.81
2026-06-24T09:34:13.009Z,129.03,228.57,25,2,0,1544,0,0,1.12,4020,0.89,0.00,1.59,1.74
2026-06-24T09:35:09.339Z,132.47,252.78,24,2,0,1550,413,137,1.08,4140,0.90,0.00,1.25,5.77
2026-06-24T09:35:13.012Z,129.05,228.57,25,2,0,1552,0,0,1.09,4080,0.90,0.00,1.64,1.73
2026-06-24T09:36:09.341Z,132.50,252.51,24,2,0,1558,419,139,1.16,4200,0.90,0.00,1.71,7.91
2026-06-24T09:36:13.012Z,129.08,228.57,25,2,0,1560,0,0,1.09,4140,0.90,0.00,1.56,1.32
2026-06-24T09:37:09.345Z,132.65,252.27,24,2,0,1566,425,141,1.09,4260,0.90,0.00,1.29,6.39
2026-06-24T09:37:13.016Z,129.08,228.57,25,2,0,1568,0,0,0.02,4200,0.90,0.00,1.66,1.32
2026-06-24T09:38:09.346Z,132.66,252.29,24,2,0,1574,431,143,1.11,4320,0.91,0.00,1.55,6.40
2026-06-24T09:38:13.021Z,129.11,228.57,25,2,0,1576,0,0,1.16,4260,0.91,0.00,1.25,1.20
2026-06-24T09:39:09.348Z,132.61,252.21,24,2,0,1582,437,145,1.24,4380,0.91,0.00,4.52,5.32
2026-06-24T09:39:13.025Z,129.13,228.57,25,2,0,1584,0,0,1.40,4320,0.91,0.00,1.26,0.81
2026-06-24T09:40:09.352Z,123.36,246.80,24,2,0,1590,443,147,1.21,4440,0.91,0.00,9.18,9.74
2026-06-24T09:40:13.024Z,129.15,228.57,25,2,0,1592,0,0,1.14,4380,0.91,0.00,1.62,1.09
2026-06-24T09:41:09.353Z,125.22,247.70,24,2,0,1598,449,149,1.09,4500,0.91,0.00,1.35,5.27
2026-06-24T09:41:13.025Z,129.20,228.57,25,2,0,1600,0,0,1.11,4440,0.91,0.00,1.51,1.04
2026-06-24T09:42:09.354Z,125.25,247.76,24,2,0,1606,455,151,1.09,4560,0.92,0.00,1.35,7.46
2026-06-24T09:42:13.031Z,129.23,228.57,25,2,0,1608,0,0,1.13,4500,0.92,0.00,1.63,1.83
2026-06-24T09:43:09.356Z,126.18,248.88,24,2,0,1614,461,153,1.24,4620,0.92,0.00,1.09,5.78
2026-06-24T09:43:13.034Z,129.25,228.57,25,2,0,1616,0,0,1.17,4560,0.92,0.00,1.44,1.58
2026-06-24T09:44:09.359Z,125.29,247.88,24,2,0,1622,467,155,1.08,4680,0.92,0.00,1.43,7.29
2026-06-24T09:44:13.036Z,129.24,228.76,25,2,0,1624,0,0,1.09,4620,0.92,0.00,1.33,1.38
2026-06-24T09:45:09.364Z,123.39,246.88,24,2,0,1630,473,157,1.09,4740,0.93,0.00,1.51,6.16
2026-06-24T09:45:13.037Z,129.98,228.76,25,2,0,1632,0,0,0.08,4680,0.93,0.00,1.53,1.71
2026-06-24T09:46:09.367Z,125.31,247.64,24,2,0,1638,479,159,1.09,4800,0.93,0.00,1.47,7.48
2026-06-24T09:46:13.045Z,129.95,228.95,25,2,0,1640,0,0,1.36,4740,0.93,0.00,1.62,1.69
2026-06-24T09:47:09.368Z,125.33,247.54,24,2,0,1646,485,161,1.10,4860,0.93,0.00,1.24,6.50
2026-06-24T09:47:13.048Z,129.94,228.95,25,2,0,1648,0,0,1.36,4800,0.93,0.00,1.62,1.58
2026-06-24T09:48:09.370Z,123.40,246.66,24,2,0,1654,491,163,1.19,4920,0.93,0.00,1.98,8.11
2026-06-24T09:48:13.051Z,129.93,228.95,25,2,0,1656,0,0,1.11,4860,0.94,0.00,1.57,1.29
2026-06-24T09:49:09.375Z,132.88,252.30,24,2,0,1662,497,165,1.10,4980,0.94,0.00,3.17,33.34
2026-06-24T09:49:13.053Z,129.95,228.95,25,2,0,1664,0,0,1.35,4920,0.94,0.00,1.62,1.76
2026-06-24T09:50:09.380Z,132.92,252.61,24,2,0,1670,503,167,1.22,5040,0.94,0.00,1.67,7.98
2026-06-24T09:50:13.053Z,129.95,228.95,25,2,0,1672,0,0,1.42,4980,0.94,0.00,1.25,1.02
2026-06-24T09:51:09.382Z,132.98,252.61,24,2,0,1678,509,169,1.20,5100,0.94,0.00,1.69,6.94
2026-06-24T09:51:13.056Z,129.92,229.14,25,2,0,1680,0,0,1.08,5040,0.94,0.00,1.55,0.91
2026-06-24T09:52:09.384Z,133.09,253.02,24,2,0,1686,515,171,1.25,5160,0.95,0.00,1.46,6.12
2026-06-24T09:52:13.063Z,129.90,229.14,25,2,0,1688,0,0,1.22,5100,0.95,0.00,1.58,1.39
2026-06-24T09:53:09.384Z,133.11,253.02,24,2,0,1694,521,173,1.09,5220,0.95,0.00,1.55,7.27
2026-06-24T09:53:13.063Z,129.90,229.32,25,2,0,1696,0,0,1.09,5160,0.95,0.00,1.45,1.09
2026-06-24T09:54:09.389Z,133.15,253.28,24,2,0,1702,527,175,1.08,5280,0.95,0.00,4.02,6.91
2026-06-24T09:54:13.065Z,129.88,229.51,25,2,0,1704,0,0,1.18,5220,0.95,0.00,1.66,1.37
2026-06-24T09:55:09.393Z,125.40,248.46,24,2,0,1710,533,177,1.11,5340,0.95,0.00,1.51,6.97
2026-06-24T09:55:13.065Z,129.86,229.51,25,2,0,1712,0,0,1.18,5280,0.96,0.00,1.84,1.86
2026-06-24T09:56:09.398Z,126.37,249.56,24,2,0,1718,539,179,1.07,5400,0.96,0.00,1.48,7.56
2026-06-24T09:56:13.067Z,129.79,229.70,25,2,0,1720,0,0,1.13,5340,0.96,0.00,1.63,1.61
2026-06-24T09:57:09.400Z,126.36,249.64,24,2,0,1726,545,181,1.14,5460,0.96,0.00,2.16,34.46
2026-06-24T09:57:13.072Z,130.53,229.70,25,2,0,1728,0,0,1.13,5400,0.96,0.00,1.65,1.61
2026-06-24T09:58:09.400Z,133.12,253.38,24,2,0,1734,551,183,1.16,5520,0.96,0.00,1.71,9.12
2026-06-24T09:58:13.072Z,130.51,229.70,25,2,0,1736,0,0,1.16,5460,0.96,0.00,1.58,1.82
2026-06-24T09:59:09.404Z,133.19,253.38,24,2,0,1742,557,185,1.25,5580,0.97,0.00,15.79,8.20
2026-06-24T09:59:13.073Z,130.51,229.70,25,2,0,1744,0,0,1.07,5520,0.97,0.00,1.27,1.66
2026-06-24T10:00:09.407Z,133.32,253.41,24,2,0,1750,563,187,1.36,5640,0.97,0.00,1.64,7.64
2026-06-24T10:00:13.080Z,130.49,229.89,26,3,0,1752,0,0,1.81,5580,0.97,0.00,1.28,1.30
2026-06-24T10:01:09.407Z,133.30,253.18,24,2,0,1758,569,189,1.08,5700,0.97,0.00,1.68,6.55
2026-06-24T10:01:13.085Z,130.47,229.89,25,2,0,1760,0,0,1.19,5640,0.97,0.00,1.36,1.07
2026-06-24T10:02:09.410Z,133.35,253.06,24,2,0,1766,575,191,1.20,5760,0.97,0.00,1.68,7.72
2026-06-24T10:02:13.088Z,130.45,229.89,25,2,0,1768,0,0,1.34,5700,0.98,0.00,1.61,1.23
2026-06-24T10:03:09.408Z,133.38,252.87,24,2,0,1774,581,193,1.09,5820,0.98,0.00,1.61,5.93
2026-06-24T10:03:13.088Z,130.44,229.89,25,2,0,1776,0,0,1.09,5760,0.98,0.00,1.70,1.35
2026-06-24T10:04:09.413Z,133.40,252.93,24,2,0,1782,587,195,1.26,5880,0.98,0.00,18.74,7.02
2026-06-24T10:04:13.088Z,130.40,229.89,25,2,0,1784,0,0,1.09,5820,0.98,0.00,1.56,1.26
2026-06-24T10:05:09.415Z,126.45,249.17,24,2,0,1790,593,197,1.08,5940,0.98,0.00,1.74,7.32
2026-06-24T10:05:13.092Z,130.32,229.89,25,2,0,1792,0,0,1.10,5880,0.98,0.00,1.57,1.01
2026-06-24T10:06:09.417Z,126.45,249.03,24,2,0,1798,599,199,1.08,6000,0.99,0.00,1.75,6.70
2026-06-24T10:06:13.095Z,130.27,229.89,25,2,0,1800,0,0,1.24,5940,0.99,0.00,1.51,1.70
2026-06-24T10:07:09.419Z,133.48,253.03,24,2,0,1806,605,201,1.23,6060,0.99,0.00,1.43,6.34
2026-06-24T10:07:13.099Z,130.97,229.89,25,2,0,1808,0,0,1.50,6000,0.99,0.00,1.54,1.28
2026-06-24T10:08:09.424Z,126.46,249.12,24,2,0,1814,611,203,1.15,6120,0.99,0.00,1.75,6.26
2026-06-24T10:08:13.099Z,130.92,229.89,25,2,0,1816,0,0,1.15,6060,0.99,0.00,1.68,1.68
2026-06-24T10:09:09.430Z,126.46,249.00,24,2,0,1822,617,205,1.28,6180,0.99,0.00,1.46,31.50
2026-06-24T10:09:13.102Z,130.86,229.89,25,2,0,1824,0,0,1.40,6120,1.00,0.00,1.63,1.67
2026-06-24T10:10:09.432Z,126.53,248.81,24,2,0,1830,623,207,1.29,6240,1.00,0.00,1.60,7.91
2026-06-24T10:10:13.105Z,130.79,229.89,25,2,0,1832,0,0,1.34,6180,1.00,0.00,1.60,1.56
2026-06-24T10:11:09.432Z,126.52,248.68,24,2,0,1838,629,209,1.35,6300,1.00,0.00,1.67,8.20
2026-06-24T10:11:13.110Z,130.73,230.07,25,2,0,1840,0,0,1.30,6240,1.00,0.00,1.55,1.74
2026-06-24T10:12:09.433Z,127.13,248.68,24,2,0,1846,635,211,1.12,6360,1.00,0.00,1.66,8.05
2026-06-24T10:12:13.113Z,130.68,230.07,25,2,0,1848,0,0,1.42,6300,1.00,0.00,1.65,1.89
2026-06-24T10:13:09.438Z,126.50,248.66,24,2,0,1854,641,213,1.22,6420,1.01,0.00,1.66,34.20
2026-06-24T10:13:13.113Z,130.57,230.26,25,2,0,1856,0,0,1.29,6360,1.01,0.00,1.67,1.65
2026-06-24T10:14:09.443Z,126.50,248.66,24,2,0,1862,647,215,1.21,6480,1.01,0.00,1.87,34.09
2026-06-24T10:14:13.119Z,131.25,230.26,25,2,0,1864,0,0,1.29,6420,1.01,0.00,1.70,1.82
2026-06-24T10:15:09.442Z,126.55,248.60,24,2,0,1870,653,217,1.10,6540,1.01,0.00,1.87,8.15
2026-06-24T10:15:13.121Z,131.20,230.26,25,2,0,1872,0,0,1.19,6480,1.01,0.00,1.63,1.56
2026-06-24T10:16:09.445Z,126.54,248.58,24,2,0,1878,659,219,1.28,6600,1.01,0.00,1.60,10.08
2026-06-24T10:16:13.125Z,131.14,230.26,25,2,0,1880,0,0,1.34,6540,1.02,0.00,1.75,1.79
2026-06-24T10:17:09.446Z,133.68,252.66,24,2,0,1886,665,221,1.22,6660,1.02,0.00,1.82,32.79
2026-06-24T10:17:13.126Z,131.09,230.26,25,2,0,1888,0,0,1.10,6600,1.02,0.00,1.73,1.92
2026-06-24T10:18:09.449Z,125.56,247.64,24,2,0,1894,671,223,1.30,6720,1.02,0.00,1.72,33.22
2026-06-24T10:18:13.127Z,131.03,230.26,25,2,0,1896,0,0,1.15,6660,1.02,0.00,1.68,1.98
2026-06-24T10:19:09.452Z,134.36,255.77,24,2,0,1902,677,225,1.18,6780,1.02,0.00,1.62,7.53
2026-06-24T10:19:13.131Z,130.96,230.26,25,2,0,1904,0,0,1.08,6720,1.02,0.00,1.60,1.74
2026-06-24T10:20:09.453Z,131.14,252.42,24,2,0,1910,683,227,1.09,6840,1.03,0.00,1.56,33.87
2026-06-24T10:20:13.134Z,130.88,230.26,25,2,0,1912,0,0,1.10,6780,1.03,0.00,1.63,1.58
2026-06-24T10:21:09.455Z,132.16,253.54,24,2,0,1918,689,229,1.18,6900,1.03,0.00,1.70,8.59
2026-06-24T10:21:13.136Z,131.59,230.26,25,2,0,1920,0,0,1.15,6840,1.03,0.00,1.48,1.33
2026-06-24T10:22:09.459Z,132.16,254.28,24,2,0,1926,695,231,1.30,6960,1.03,0.00,1.56,33.71
2026-06-24T10:22:13.140Z,131.53,230.45,25,2,0,1928,0,0,2.28,6900,1.03,0.00,1.44,1.27
2026-06-24T10:23:09.466Z,132.16,254.44,24,2,0,1934,701,233,1.32,7020,1.03,0.00,1.56,33.16
2026-06-24T10:23:13.139Z,131.48,230.45,25,2,0,1936,0,0,1.18,6960,1.04,0.00,1.40,1.10
2026-06-24T10:24:09.468Z,132.21,254.68,24,2,0,1942,707,235,1.12,7080,1.04,0.00,1.43,34.62
2026-06-24T10:24:13.144Z,131.41,230.45,25,2,0,1944,0,0,1.15,7020,1.04,0.00,1.53,1.21
2026-06-24T10:25:09.470Z,132.23,255.05,24,2,0,1950,713,237,1.19,7140,1.04,0.00,1.59,7.37
2026-06-24T10:25:13.149Z,131.36,230.45,25,2,0,1952,0,0,1.24,7080,1.04,0.00,1.38,1.72
2026-06-24T10:26:09.470Z,132.23,255.28,24,2,0,1958,719,239,1.21,7200,1.04,0.00,1.72,34.46
2026-06-24T10:26:13.150Z,131.31,230.45,25,2,0,1960,0,0,1.09,7140,1.04,0.00,1.30,1.25
2026-06-24T10:27:09.473Z,132.22,255.30,24,2,0,1966,725,241,1.30,7260,1.05,0.00,1.58,10.54
2026-06-24T10:27:13.154Z,131.20,230.45,25,2,0,1968,0,0,1.19,7200,1.05,0.00,1.70,1.48
2026-06-24T10:28:09.478Z,132.28,255.27,24,2,0,1974,731,243,1.31,7320,1.05,0.00,1.28,32.60
2026-06-24T10:28:13.153Z,131.91,230.45,25,2,0,1976,0,0,1.37,7260,1.05,0.00,1.50,1.14
2026-06-24T10:29:09.480Z,132.24,255.39,24,2,0,1982,737,245,1.10,7380,1.05,0.00,1.44,32.04
2026-06-24T10:29:13.156Z,131.80,230.45,25,2,0,1984,0,0,1.08,7320,1.05,0.00,1.15,1.01
2026-06-24T10:30:09.481Z,132.30,255.68,24,2,0,1990,743,247,1.09,7440,1.05,0.00,1.63,55.99
2026-06-24T10:30:13.159Z,131.70,230.45,25,2,0,1992,0,0,1.09,7380,1.06,0.00,1.20,1.37
2026-06-24T10:31:09.483Z,132.32,255.66,24,2,0,1998,749,249,1.18,7500,1.06,0.00,1.61,8.50
2026-06-24T10:31:13.162Z,131.61,230.45,25,2,0,2000,0,0,1.17,7440,1.06,0.00,1.60,1.06
2026-06-24T10:32:09.487Z,133.37,256.73,24,2,0,2006,755,251,1.22,7560,1.06,0.00,1.65,10.86
2026-06-24T10:32:13.165Z,131.52,230.64,25,2,0,2008,0,0,1.21,7500,1.06,0.00,1.59,1.70
2026-06-24T10:33:09.489Z,130.26,253.51,24,2,0,2014,761,253,1.21,7620,1.06,0.00,1.60,33.86
2026-06-24T10:33:13.170Z,131.49,230.64,26,3,0,2016,0,0,1.12,7560,1.06,0.00,1.90,1.76
2026-06-24T10:34:09.490Z,133.44,256.68,24,2,0,2022,767,255,1.09,7680,1.07,0.00,1.70,9.27
2026-06-24T10:34:13.173Z,132.17,230.64,25,2,0,2024,0,0,1.09,7620,1.07,0.00,1.66,1.70
2026-06-24T10:35:09.494Z,130.23,253.60,24,2,0,2030,773,257,1.27,7740,1.07,0.00,1.62,34.49
2026-06-24T10:35:13.177Z,132.12,230.64,25,2,0,2032,0,0,1.31,7680,1.07,0.00,1.67,1.86
2026-06-24T10:36:09.493Z,133.51,256.79,24,2,0,2038,779,259,1.08,7800,1.07,0.00,1.75,57.31
2026-06-24T10:36:13.179Z,132.03,230.82,25,2,0,2040,0,0,1.14,7740,1.07,0.00,1.57,1.54
2026-06-24T10:37:09.497Z,130.26,254.88,24,2,0,2046,785,261,0.09,7860,1.07,0.00,1.68,33.24
2026-06-24T10:37:13.181Z,132.00,230.82,25,2,0,2048,0,0,1.09,7800,1.08,0.00,1.56,1.34
2026-06-24T10:38:09.502Z,133.50,257.95,24,2,0,2054,791,263,1.31,7920,1.08,0.00,1.53,34.09
2026-06-24T10:38:13.187Z,131.91,231.01,25,2,0,2056,0,0,1.19,7860,1.08,0.00,1.63,1.75
2026-06-24T10:39:09.503Z,130.30,254.82,24,2,0,2062,797,265,1.09,7980,1.08,0.00,1.24,32.32
2026-06-24T10:39:13.187Z,131.82,231.01,25,2,0,2064,0,0,1.09,7920,1.08,0.00,1.48,1.20
2026-06-24T10:40:09.504Z,133.56,257.94,24,2,0,2070,803,267,1.10,8040,1.08,0.00,12.39,34.82
2026-06-24T10:40:13.192Z,131.78,231.01,25,2,0,2072,0,0,1.80,7980,1.08,0.00,1.49,0.92
2026-06-24T10:41:09.510Z,132.65,257.28,25,3,0,2078,809,269,1.61,8100,1.09,0.00,1.64,8.15
2026-06-24T10:41:13.193Z,132.47,231.20,25,2,0,2080,0,0,1.10,8040,1.09,0.00,1.30,1.12
2026-06-24T10:42:09.514Z,134.38,256.88,24,2,0,2086,815,271,1.24,8160,1.09,0.00,1.88,34.10
2026-06-24T10:42:13.193Z,132.40,231.20,25,2,0,2088,0,0,1.09,8100,1.09,0.00,1.28,1.33
2026-06-24T10:43:09.518Z,126.80,253.09,24,2,0,2094,821,273,1.36,8220,1.09,0.00,1.65,35.62
2026-06-24T10:43:13.199Z,132.30,231.20,25,2,0,2096,0,0,1.28,8160,1.09,0.00,1.42,1.30
2026-06-24T10:44:09.518Z,132.67,257.82,24,2,0,2102,827,275,1.08,8280,1.09,0.00,1.37,33.05
2026-06-24T10:44:13.202Z,132.22,231.20,25,2,0,2104,0,0,1.09,8220,1.10,0.00,1.65,1.52
2026-06-24T10:45:09.519Z,134.49,257.82,24,2,0,2110,833,277,1.09,8340,1.10,0.00,1.61,31.29
2026-06-24T10:45:13.205Z,132.12,231.39,25,2,0,2112,0,0,1.12,8280,1.10,0.00,1.67,1.84
2026-06-24T10:46:09.525Z,126.84,253.45,24,2,0,2118,839,279,1.08,8400,1.10,0.00,1.59,9.44
2026-06-24T10:46:13.206Z,132.05,231.39,25,2,0,2120,0,0,1.12,8340,1.10,0.00,1.64,1.29
2026-06-24T10:47:09.529Z,132.72,257.85,24,2,0,2126,845,281,1.22,8460,1.10,0.00,1.72,34.17
2026-06-24T10:47:13.206Z,132.75,231.39,25,2,0,2128,0,0,1.08,8400,1.10,0.00,1.66,1.51
2026-06-24T10:48:09.531Z,131.49,256.61,24,2,0,2134,851,283,1.10,8520,1.11,0.00,1.33,27.79
2026-06-24T10:48:13.212Z,132.66,231.57,25,2,0,2136,0,0,1.22,8460,1.11,0.00,1.64,1.40
2026-06-24T10:49:09.534Z,132.61,257.78,24,2,0,2142,857,285,1.11,8580,1.11,0.00,1.34,32.53
2026-06-24T10:49:13.212Z,132.57,231.57,25,2,0,2144,0,0,1.09,8520,1.11,0.00,1.49,1.09
2026-06-24T10:50:09.536Z,132.68,257.44,24,2,0,2150,863,287,1.29,8640,1.11,0.00,25.48,33.63
2026-06-24T10:50:13.215Z,132.48,231.57,25,2,0,2152,0,0,1.19,8580,1.11,0.00,1.50,1.40
2026-06-24T10:51:09.541Z,133.76,258.39,24,2,0,2158,869,289,1.09,8700,1.11,0.00,1.59,36.10
2026-06-24T10:51:13.218Z,132.38,231.76,25,2,0,2160,0,0,1.19,8640,1.12,0.00,1.61,1.78
2026-06-24T10:52:09.544Z,132.14,256.51,24,2,0,2166,875,291,1.28,8760,1.12,0.00,1.66,57.73
2026-06-24T10:52:13.216Z,132.31,231.95,25,2,0,2168,0,0,1.09,8700,1.12,0.00,1.51,1.67
2026-06-24T10:53:09.548Z,132.71,257.64,24,2,0,2174,881,293,1.15,8820,1.12,0.00,2.24,34.46
2026-06-24T10:53:13.221Z,132.99,231.95,25,2,0,2176,0,0,1.31,8760,1.12,0.00,1.60,1.75
2026-06-24T10:54:09.549Z,132.71,257.65,24,2,0,2182,887,295,1.12,8880,1.12,0.00,1.59,36.19
2026-06-24T10:54:13.225Z,132.90,231.95,25,2,0,2184,0,0,1.33,8820,1.12,0.00,1.59,1.70
2026-06-24T10:55:09.550Z,132.73,257.65,24,2,0,2190,893,297,1.16,8940,1.13,0.00,1.61,34.00
2026-06-24T10:55:13.228Z,132.80,231.95,25,2,0,2192,0,0,1.14,8880,1.13,0.00,1.39,1.14
2026-06-24T10:56:09.555Z,132.74,257.67,24,2,0,2198,899,299,1.35,9000,1.13,0.00,1.59,34.55
2026-06-24T10:56:13.228Z,132.71,231.95,25,2,0,2200,0,0,1.18,8940,1.13,0.00,1.54,1.50
2026-06-24T10:57:09.558Z,133.93,258.84,24,2,0,2206,905,301,1.47,9060,1.13,0.00,7.31,34.35
2026-06-24T10:57:13.232Z,132.60,231.95,25,2,0,2208,0,0,1.26,9000,1.13,0.00,1.70,1.13
2026-06-24T10:58:09.560Z,132.79,257.65,24,2,0,2214,911,303,1.12,9120,1.13,0.00,1.57,34.69
2026-06-24T10:58:13.237Z,132.57,231.95,25,2,0,2216,0,0,1.68,9060,1.14,0.00,1.51,1.23
2026-06-24T10:59:09.561Z,131.68,256.55,24,2,0,2222,917,305,1.09,9180,1.14,0.00,1.55,33.43
2026-06-24T10:59:13.241Z,133.38,232.14,25,2,0,2224,0,0,1.21,9120,1.14,0.00,1.27,1.06
2026-06-24T11:00:09.560Z,132.82,257.70,24,2,0,2230,923,307,1.22,9240,1.14,0.00,1.63,34.47
2026-06-24T11:00:13.242Z,133.36,232.14,25,2,0,2232,0,0,1.10,9180,1.14,0.00,1.39,1.50
2026-06-24T11:01:09.565Z,132.81,258.05,24,2,0,2238,929,309,1.18,9300,1.14,0.00,1.52,9.49
2026-06-24T11:01:13.241Z,133.31,232.32,25,2,0,2240,0,0,1.12,9240,1.14,0.00,1.37,1.20
2026-06-24T11:02:09.569Z,132.84,258.18,24,2,0,2246,935,311,1.29,9360,1.15,0.00,1.49,10.02
2026-06-24T11:02:13.246Z,133.21,232.32,25,2,0,2248,0,0,1.26,9300,1.15,0.00,1.57,1.12
2026-06-24T11:03:09.571Z,132.89,258.37,24,2,0,2254,941,313,1.29,9420,1.15,0.00,1.29,33.71
2026-06-24T11:03:13.248Z,133.11,232.51,25,2,0,2256,0,0,1.09,9360,1.15,0.00,1.39,0.98
2026-06-24T11:04:09.573Z,132.90,258.35,24,2,0,2262,947,315,1.33,9480,1.15,0.00,1.53,32.44
2026-06-24T11:04:13.253Z,133.76,232.51,25,2,0,2264,0,0,1.12,9420,1.15,0.00,1.30,1.38
2026-06-24T11:05:09.573Z,132.96,258.38,25,3,0,2270,953,317,1.27,9540,1.15,0.00,1.52,35.80
2026-06-24T11:05:13.253Z,133.67,232.51,25,2,0,2272,0,0,1.27,9480,1.16,0.00,1.29,1.26
2026-06-24T11:06:09.578Z,132.95,258.35,24,2,0,2278,959,319,1.21,9600,1.16,0.00,1.23,33.10
2026-06-24T11:06:13.256Z,133.55,232.51,25,2,0,2280,0,0,1.21,9540,1.16,0.00,1.58,1.51
2026-06-24T11:07:09.582Z,134.15,259.63,24,2,0,2286,965,321,1.26,9660,1.16,0.00,1.43,32.99
2026-06-24T11:07:13.261Z,133.40,232.51,25,2,0,2288,0,0,1.35,9600,1.16,0.00,1.61,1.43
2026-06-24T11:08:09.585Z,130.65,256.02,24,2,0,2294,971,323,1.33,9720,1.16,0.00,1.53,33.39
2026-06-24T11:08:13.263Z,133.24,232.70,25,2,0,2296,0,0,1.08,9660,1.16,0.00,1.33,1.62
2026-06-24T11:09:09.586Z,134.17,259.59,24,2,0,2302,977,325,1.20,9780,1.17,0.00,1.56,10.70
2026-06-24T11:09:13.265Z,133.88,232.70,25,2,0,2304,0,0,1.08,9720,1.17,0.00,1.74,1.57
2026-06-24T11:10:09.586Z,130.66,256.05,24,2,0,2310,983,327,1.08,9840,1.17,0.00,1.59,34.29
2026-06-24T11:10:13.267Z,133.76,232.70,25,2,0,2312,0,0,0.11,9780,1.17,0.00,1.53,1.62
2026-06-24T11:11:09.592Z,134.19,259.63,24,2,0,2318,989,329,1.10,9900,1.17,0.00,7.29,35.40
2026-06-24T11:11:13.267Z,133.63,232.70,25,2,0,2320,0,0,1.26,9840,1.17,0.00,1.44,1.69
2026-06-24T11:12:09.595Z,130.71,257.37,24,2,0,2326,995,331,1.18,9960,1.17,0.00,1.66,34.70
2026-06-24T11:12:13.273Z,133.49,232.89,25,2,0,2328,0,0,1.08,9900,1.18,0.00,1.26,0.89
2026-06-24T11:13:09.597Z,134.25,260.85,24,2,0,2334,1001,333,1.23,10020,1.18,0.00,1.63,35.55
2026-06-24T11:13:13.277Z,134.16,232.89,25,2,0,2336,0,0,1.19,9960,1.18,0.00,1.44,1.52
2026-06-24T11:14:09.596Z,130.74,257.36,24,2,0,2342,1007,335,1.09,10080,1.18,0.00,1.65,33.52
2026-06-24T11:14:13.281Z,134.07,233.07,25,2,0,2344,0,0,1.28,10020,1.18,0.00,1.32,1.29
2026-06-24T11:15:09.604Z,134.24,260.92,24,2,0,2350,1013,337,1.19,10140,1.18,0.00,1.48,32.53
2026-06-24T11:15:13.281Z,133.94,233.07,25,2,0,2352,0,0,1.21,10080,1.18,0.00,1.34,1.16
2026-06-24T11:16:09.605Z,130.73,257.86,24,2,0,2358,1019,339,1.09,10200,1.19,0.00,1.53,32.16
2026-06-24T11:16:13.281Z,133.82,233.07,25,2,0,2360,0,0,1.12,10140,1.19,0.00,1.44,1.14
2026-06-24T11:17:09.607Z,134.31,261.30,24,2,0,2366,1025,341,1.12,10260,1.19,0.00,1.63,33.80
2026-06-24T11:17:13.285Z,133.64,233.07,25,2,0,2368,0,0,1.13,10200,1.19,0.00,1.48,1.33
2026-06-24T11:18:09.611Z,133.12,260.11,24,2,0,2374,1031,343,1.13,10320,1.19,0.00,1.39,8.81
2026-06-24T11:18:13.289Z,134.30,233.07,25,2,0,2376,0,0,1.50,10260,1.19,0.00,1.53,1.56
2026-06-24T11:19:09.611Z,131.98,259.04,24,2,0,2382,1037,345,1.09,10380,1.19,0.00,1.54,37.08
2026-06-24T11:19:13.291Z,134.19,233.07,25,2,0,2384,0,0,1.27,10320,1.20,0.00,1.50,1.54
2026-06-24T11:20:09.616Z,133.14,260.16,24,2,0,2390,1043,347,1.24,10440,1.20,0.00,1.59,32.73
2026-06-24T11:20:13.293Z,134.06,233.07,25,2,0,2392,0,0,1.29,10380,1.20,0.00,1.47,1.63
2026-06-24T11:21:09.618Z,133.18,260.12,24,2,0,2398,1049,349,1.09,10500,1.20,0.00,7.58,33.07
2026-06-24T11:21:13.297Z,133.92,233.26,25,2,0,2400,0,0,1.10,10440,1.20,0.00,1.50,1.39
2026-06-24T11:22:09.621Z,133.20,260.12,24,2,0,2406,1055,351,1.20,10560,1.20,0.00,1.50,33.32
2026-06-24T11:22:13.303Z,134.56,233.26,25,2,0,2408,0,0,1.31,10500,1.20,0.00,1.55,1.50
2026-06-24T11:23:09.624Z,134.41,261.36,24,2,0,2414,1061,353,1.32,10620,1.21,0.00,1.46,34.02
2026-06-24T11:23:13.304Z,134.47,233.45,25,2,0,2416,0,0,1.27,10560,1.21,0.00,1.52,1.60
2026-06-24T11:24:09.623Z,133.23,260.03,24,2,0,2422,1067,355,1.09,10680,1.21,0.00,1.26,34.26
2026-06-24T11:24:13.306Z,134.35,233.45,25,2,0,2424,0,0,1.18,10620,1.21,0.00,1.52,1.73
2026-06-24T11:25:09.627Z,135.80,260.27,24,2,0,2430,1073,357,1.19,10740,1.21,0.00,1.35,9.11
2026-06-24T11:25:13.307Z,134.23,233.45,25,2,0,2432,0,0,1.29,10680,1.21,0.00,1.19,1.43
2026-06-24T11:26:09.631Z,129.09,255.56,24,2,0,2438,1079,359,1.09,10800,1.21,0.00,4.79,34.15
2026-06-24T11:26:13.313Z,134.04,233.64,25,2,0,2440,0,0,1.22,10740,1.22,0.00,1.41,1.46
2026-06-24T11:27:09.634Z,130.48,259.06,24,2,0,2446,1085,361,1.83,10860,1.22,0.00,1.52,16.85
2026-06-24T11:27:13.316Z,134.69,233.64,25,2,0,2448,0,0,1.11,10800,1.22,0.00,1.52,0.96
2026-06-24T11:28:09.634Z,135.90,260.53,24,2,0,2454,1091,363,1.17,10920,1.22,0.00,1.30,33.72
2026-06-24T11:28:13.318Z,134.56,233.64,25,2,0,2456,0,0,1.09,10860,1.22,0.00,1.18,0.76
2026-06-24T11:29:09.638Z,127.89,254.30,24,2,0,2462,1097,365,1.21,10980,1.22,0.00,1.28,33.45
2026-06-24T11:29:13.322Z,134.44,233.64,25,2,0,2464,0,0,1.25,10921,1.22,0.00,1.25,1.12
2026-06-24T11:30:09.643Z,134.72,261.79,24,2,0,2470,1103,367,1.08,11040,1.23,0.00,7.97,33.65
2026-06-24T11:30:13.323Z,134.31,233.64,25,2,0,2472,0,0,1.14,10981,1.23,0.00,1.55,1.67
2026-06-24T11:31:09.647Z,127.90,254.56,24,2,0,2478,1109,369,1.13,11100,1.23,0.00,34.47,55.97
2026-06-24T11:31:13.328Z,134.93,233.64,25,2,0,2480,0,0,1.19,11041,1.23,0.00,1.53,1.53
2026-06-24T11:32:09.649Z,127.90,255.05,24,2,0,2486,1115,371,1.32,11160,1.23,0.00,1.38,33.62
2026-06-24T11:32:13.330Z,134.84,233.64,25,2,0,2488,0,0,1.16,11101,1.23,0.00,1.51,1.22
2026-06-24T11:33:09.650Z,134.84,262.39,24,2,0,2494,1121,373,1.22,11220,1.23,0.00,1.54,35.21
2026-06-24T11:33:13.332Z,134.72,233.64,25,2,0,2496,0,0,1.15,11161,1.24,0.00,1.51,1.27
2026-06-24T11:34:09.654Z,127.89,255.26,24,2,0,2502,1127,375,1.10,11280,1.24,0.00,1.59,9.39
2026-06-24T11:34:13.333Z,134.59,233.64,25,2,0,2504,0,0,1.28,11221,1.24,0.00,1.54,1.57
2026-06-24T11:35:09.657Z,134.83,263.66,24,2,0,2510,1133,377,1.12,11340,1.24,0.00,1.54,34.57
2026-06-24T11:35:13.333Z,134.43,233.64,25,2,0,2512,0,0,1.21,11281,1.24,0.00,1.43,1.57
2026-06-24T11:36:09.661Z,127.92,256.45,24,2,0,2518,1139,379,1.16,11400,1.24,0.00,1.41,7.74
2026-06-24T11:36:13.339Z,135.05,233.64,25,2,0,2520,0,0,1.18,11341,1.24,0.00,1.53,1.62
2026-06-24T11:37:09.662Z,127.97,256.41,24,2,0,2526,1145,381,1.20,11460,1.25,0.00,1.67,34.77
2026-06-24T11:37:13.341Z,134.92,233.82,25,2,0,2528,0,0,1.20,11401,1.25,0.00,1.47,1.34
2026-06-24T11:38:09.664Z,134.88,264.04,24,2,0,2534,1151,383,1.08,11520,1.25,0.00,1.56,33.70
2026-06-24T11:38:13.344Z,134.80,233.82,25,2,0,2536,0,0,1.17,11461,1.25,0.00,1.49,1.37
2026-06-24T11:39:09.669Z,127.94,256.63,24,2,0,2542,1157,385,1.33,11581,1.25,0.00,1.55,33.82
2026-06-24T11:39:13.347Z,134.67,233.82,25,2,0,2544,0,0,1.23,11521,1.25,0.00,1.58,1.32
2026-06-24T11:40:09.673Z,134.90,263.72,24,2,0,2550,1163,387,1.30,11641,1.25,0.00,1.52,36.10
2026-06-24T11:40:13.350Z,135.30,233.82,25,2,0,2552,0,0,1.40,11581,1.26,0.00,1.22,1.14
2026-06-24T11:41:09.677Z,130.96,259.97,24,2,0,2558,1169,389,1.14,11701,1.26,0.00,1.60,9.42
2026-06-24T11:41:13.355Z,135.21,234.01,25,2,0,2560,0,0,1.16,11641,1.26,0.00,1.54,1.20
2026-06-24T11:42:09.677Z,133.52,263.17,24,2,0,2566,1175,391,1.43,11761,1.26,0.00,9.21,34.84
2026-06-24T11:42:13.355Z,135.08,234.01,25,2,0,2568,0,0,1.09,11701,1.26,0.00,1.59,1.14
2026-06-24T11:43:09.677Z,134.79,264.38,24,2,0,2574,1181,393,1.25,11821,1.26,0.00,1.58,9.19
2026-06-24T11:43:13.358Z,134.95,234.01,25,2,0,2576,0,0,1.28,11761,1.26,0.00,1.48,1.09
2026-06-24T11:44:09.682Z,133.57,263.18,24,2,0,2582,1187,395,1.25,11881,1.27,0.00,1.55,7.23
2026-06-24T11:44:13.360Z,134.81,234.01,25,2,0,2584,0,0,1.13,11821,1.27,0.00,1.60,1.53
2026-06-24T11:45:09.683Z,133.56,263.29,24,2,0,2590,1193,397,1.32,11941,1.27,0.00,2.32,33.72
2026-06-24T11:45:13.364Z,135.43,234.01,25,2,0,2592,0,0,1.13,11881,1.27,0.00,1.52,1.47
2026-06-24T11:46:09.685Z,134.85,264.59,24,2,0,2598,1199,399,1.09,12001,1.27,0.00,1.46,10.25
2026-06-24T11:46:13.367Z,135.30,234.20,25,2,0,2600,0,0,1.20,11941,1.27,0.00,1.56,1.75
2026-06-24T11:47:09.686Z,134.90,264.39,24,2,0,2606,1205,401,1.08,12061,1.27,0.00,1.30,6.37
2026-06-24T11:47:13.369Z,135.18,234.20,25,2,0,2608,0,0,1.08,12001,1.28,0.00,1.22,1.41
2026-06-24T11:48:09.691Z,134.91,264.41,24,2,0,2614,1211,403,1.18,12121,1.28,0.00,1.33,8.69
2026-06-24T11:48:13.371Z,135.05,234.20,25,2,0,2616,0,0,1.18,12061,1.28,0.00,1.27,1.09
2026-06-24T11:49:09.695Z,134.93,264.52,24,2,0,2622,1217,405,1.09,12181,1.28,0.00,1.25,8.03
2026-06-24T11:49:13.370Z,135.69,234.20,25,2,0,2624,0,0,1.08,12121,1.28,0.00,1.60,1.65
2026-06-24T11:50:09.698Z,134.94,264.62,24,2,0,2630,1223,407,1.17,12241,1.28,0.00,1.52,55.00
2026-06-24T11:51:09.700Z,134.97,264.56,24,2,0,2638,1229,409,1.11,12301,1.29,0.00,1.57,9.84
2026-06-24T11:52:09.700Z,135.02,264.63,24,2,0,2646,1235,411,1.26,12361,1.29,0.00,1.31,51.95
2026-06-24T11:53:09.707Z,135.00,264.47,24,2,0,2654,1241,413,1.32,12421,1.29,0.00,1.48,12.25
2026-06-24T11:54:09.711Z,135.04,264.60,24,2,0,2662,1247,415,1.19,12481,1.30,0.00,11.10,32.76
2026-06-24T11:55:09.715Z,135.08,264.46,24,2,0,2670,1253,417,1.18,12541,1.30,0.00,1.47,10.24
2026-06-24T11:56:09.714Z,131.71,262.45,24,2,0,2678,1259,419,1.10,12601,1.30,0.00,1.50,34.13
2026-06-24T11:57:09.717Z,132.60,261.69,24,2,0,2686,1265,421,1.20,12661,1.30,0.00,1.45,10.03
2026-06-24T11:58:09.719Z,128.12,257.46,24,2,0,2694,1271,423,1.08,12721,1.31,0.00,1.51,33.39
2026-06-24T11:59:09.724Z,132.33,264.96,24,2,0,2702,1277,425,1.12,12781,1.31,0.00,1.33,37.38
2026-06-24T12:00:09.728Z,133.46,263.73,24,2,0,2710,1283,427,1.16,12841,1.31,0.00,1.50,10.29
2026-06-24T12:01:09.729Z,133.45,263.86,24,2,0,2718,1289,429,1.29,12901,1.32,0.00,1.58,34.15
2026-06-24T12:02:09.725Z,0,0,0,0,0,2721,1291,430,0,12961,1.32,0.00,1.99,35.01
2026-06-24T12:03:09.730Z,0,0,0,0,0,2721,1291,430,0,13021,1.32,0.00,1.19,0.74
2026-06-24T12:04:09.735Z,0,0,0,0,0,2721,1291,430,0,13081,1.32,0.00,2.46,1.12
2026-06-24T12:05:09.737Z,0,0,0,0,0,2721,1291,430,0,13141,1.32,0.00,0.97,1.15
2026-06-24T12:06:09.738Z,0,0,0,0,0,2721,1291,430,0,13201,1.32,0.00,0.93,1.06
2026-06-24T12:07:09.739Z,0,0,0,0,0,2721,1291,430,0,13261,1.32,0.00,0.99,0.85
2026-06-24T12:08:09.743Z,0,0,0,0,0,2721,1291,430,0,13321,1.32,0.00,1.13,0.74
2026-06-24T12:09:09.745Z,0,0,0,0,0,2721,1291,430,0,13381,1.32,0.00,1.08,0.43
2026-06-24T12:10:09.747Z,0,0,0,0,0,2721,1291,430,0,13441,1.32,0.00,1.05,0.39
2026-06-24T12:11:09.748Z,0,0,0,0,0,2721,1291,430,0,13501,1.32,0.00,1.78,0.87
2026-06-24T12:12:09.753Z,0,0,0,0,0,2721,1291,430,0,13561,1.32,0.00,0.73,0.41
2026-06-24T12:13:09.757Z,0,0,0,0,0,2721,1291,430,0,13621,1.32,0.00,1.06,0.47
2026-06-24T12:14:09.761Z,0,0,0,0,0,2721,1291,430,0,13681,1.32,0.00,0.91,0.76
2026-06-24T12:15:09.762Z,0,0,0,0,0,2721,1291,430,0,13741,1.32,0.00,1.43,0.97
2026-06-24T12:16:09.763Z,0,0,0,0,0,2721,1291,430,0,13801,1.32,0.00,0.82,0.58
2026-06-24T12:17:09.767Z,0,0,0,0,0,2721,1291,430,0,13861,1.32,0.00,1.03,0.45
2026-06-24T12:18:09.772Z,0,0,0,0,0,2721,1291,430,0,13921,1.32,0.00,0.93,0.95
2026-06-24T12:19:09.773Z,0,0,0,0,0,2721,1291,430,0,13981,1.32,0.00,1.01,0.93
2026-06-24T12:20:09.773Z,0,0,0,0,0,2721,1291,430,0,14041,1.32,0.00,2.60,0.79
2026-06-24T12:21:09.774Z,0,0,0,0,0,2721,1291,430,0,14101,1.32,0.00,1.10,0.48
2026-06-24T12:22:09.778Z,0,0,0,0,0,2721,1291,430,0,14161,1.32,0.00,1.05,0.48
2026-06-24T12:23:09.782Z,0,0,0,0,0,2721,1291,430,0,14221,1.32,0.00,0.78,0.44
2026-06-24T12:24:09.784Z,0,0,0,0,0,2721,1291,430,0,14281,1.32,0.00,0.94,0.91
2026-06-24T12:25:09.785Z,0,0,0,0,0,2721,1291,430,0,14341,1.32,0.00,0.73,0.43
2026-06-24T12:26:09.790Z,0,0,0,0,0,2721,1291,430,0,14401,1.32,0.00,1.24,0.58
2026-06-24T12:27:09.794Z,0,0,0,0,0,2721,1291,430,0,14461,1.32,0.00,1.08,0.45
2026-06-24T12:28:09.796Z,0,0,0,0,0,2721,1291,430,0,14521,1.32,0.00,1.05,0.98
2026-06-24T12:29:09.800Z,0,0,0,0,0,2721,1291,430,0,14581,1.32,0.00,1.52,0.91
2026-06-24T12:30:09.799Z,0,0,0,0,0,2721,1291,430,0,14641,1.32,0.00,1.09,0.66
2026-06-24T12:31:09.804Z,0,0,0,0,0,2721,1291,430,0,14701,1.32,0.00,1.16,0.97
2026-06-24T12:32:09.807Z,0,0,0,0,0,2721,1291,430,0,14761,1.32,0.00,1.03,0.91
2026-06-24T12:33:09.811Z,0,0,0,0,0,2721,1291,430,0,14821,1.32,0.00,1.40,0.86
2026-06-24T12:34:09.812Z,0,0,0,0,0,2721,1291,430,0,14881,1.32,0.00,1.03,0.68
2026-06-24T12:35:09.812Z,0,0,0,0,0,2721,1291,430,0,14941,1.32,0.00,1.87,1.01
2026-06-24T12:36:09.817Z,0,0,0,0,0,2721,1291,430,0,15001,1.32,0.00,1.03,0.97
2026-06-24T12:37:09.820Z,0,0,0,0,0,2721,1291,430,0,15061,1.32,0.00,1.03,0.79
2026-06-24T12:38:09.822Z,0,0,0,0,0,2721,1291,430,0,15121,1.32,0.00,1.04,0.81
2026-06-24T12:39:09.822Z,0,0,0,0,0,2721,1291,430,0,15181,1.32,0.00,1.21,1.00
2026-06-24T12:40:09.826Z,0,0,0,0,0,2721,1291,430,0,15241,1.32,0.00,0.95,0.49
2026-06-24T12:41:09.830Z,0,0,0,0,0,2721,1291,430,0,15301,1.32,0.00,1.11,0.37
2026-06-24T12:42:09.831Z,0,0,0,0,0,2721,1291,430,0,15361,1.32,0.00,0.94,0.35
2026-06-24T12:43:09.832Z,0,0,0,0,0,2721,1291,430,0,15421,1.32,0.00,0.98,0.91
2026-06-24T12:44:09.833Z,0,0,0,0,0,2721,1291,430,0,15481,1.32,0.00,0.92,0.52
2026-06-24T12:45:09.838Z,0,0,0,0,0,2721,1291,430,0,15541,1.32,0.00,0.94,0.91
2026-06-24T12:46:09.840Z,0,0,0,0,0,2721,1291,430,0,15601,1.32,0.00,1.11,0.44
2026-06-24T12:47:09.845Z,0,0,0,0,0,2721,1291,430,0,15661,1.32,0.00,0.98,1.53
2026-06-24T12:48:09.844Z,0,0,0,0,0,2721,1291,430,0,15721,1.32,0.00,1.98,1.00
2026-06-24T12:49:09.844Z,0,0,0,0,0,2721,1291,430,0,15781,1.32,0.00,1.72,1.04
2026-06-24T12:50:09.847Z,0,0,0,0,0,2721,1291,430,0,15841,1.32,0.00,1.58,1.04
2026-06-24T12:51:09.850Z,0,0,0,0,0,2721,1291,430,0,15901,1.32,0.00,1.17,0.94
2026-06-24T12:52:09.853Z,0,0,0,0,0,2721,1291,430,0,15961,1.32,0.00,1.22,0.89
2026-06-24T12:53:09.853Z,0,0,0,0,0,2721,1291,430,0,16021,1.32,0.00,0.99,1.04
2026-06-24T12:54:09.858Z,0,0,0,0,0,2721,1291,430,0,16081,1.32,0.00,1.57,0.52
2026-06-24T12:55:09.862Z,0,0,0,0,0,2721,1291,430,0,16141,1.32,0.00,1.06,0.91
2026-06-24T12:56:09.863Z,0,0,0,0,0,2721,1291,430,0,16201,1.32,0.00,1.87,0.88
2026-06-24T12:57:09.866Z,0,0,0,0,0,2721,1291,430,0,16261,1.32,0.00,1.01,0.41
2026-06-24T12:58:09.866Z,0,0,0,0,0,2721,1291,430,0,16321,1.32,0.00,1.04,0.97
2026-06-24T12:59:09.872Z,0,0,0,0,0,2721,1291,430,0,16381,1.32,0.00,2.01,1.03
2026-06-24T13:00:09.876Z,0,0,0,0,0,2721,1291,430,0,16441,1.32,0.00,1.67,0.92
2026-06-24T13:01:09.879Z,0,0,0,0,0,2721,1291,430,0,16501,1.32,0.00,1.85,0.80
2026-06-24T13:02:09.879Z,0,0,0,0,0,2721,1291,430,0,16561,1.32,0.00,2.21,0.97
2026-06-24T13:03:09.882Z,0,0,0,0,0,2721,1291,430,0,16621,1.32,0.00,1.28,0.63
2026-06-24T13:04:09.888Z,0,0,0,0,0,2721,1291,430,0,16681,1.32,0.00,1.94,0.93
2026-06-24T13:05:09.890Z,0,0,0,0,0,2721,1291,430,0,16741,1.32,0.00,1.05,0.95
2026-06-24T13:06:09.892Z,0,0,0,0,0,2721,1291,430,0,16801,1.32,0.00,1.47,1.29
2026-06-24T13:07:09.892Z,0,0,0,0,0,2721,1291,430,0,16861,1.32,0.00,1.06,2.10
2026-06-24T13:08:09.897Z,0,0,0,0,0,2721,1291,430,0,16921,1.32,0.00,1.62,0.99
2026-06-24T13:09:09.897Z,0,0,0,0,0,2721,1291,430,0,16981,1.32,0.00,1.72,0.89
2026-06-24T13:10:09.901Z,0,0,0,0,0,2721,1291,430,0,17041,1.32,0.00,1.72,1.01
2026-06-24T13:11:09.902Z,0,0,0,0,0,2721,1291,430,0,17101,1.32,0.00,1.50,0.87
2026-06-24T13:12:09.904Z,0,0,0,0,0,2721,1291,430,0,17161,1.32,0.00,2.18,1.06
2026-06-24T13:13:09.909Z,0,0,0,0,0,2721,1291,430,0,17221,1.32,0.00,2.01,1.01
2026-06-24T13:14:09.910Z,0,0,0,0,0,2721,1291,430,0,17281,1.32,0.00,1.78,0.99
2026-06-24T13:15:09.912Z,0,0,0,0,0,2721,1291,430,0,17341,1.32,0.00,2.00,0.84
2026-06-24T13:16:09.912Z,0,0,0,0,0,2721,1291,430,0,17401,1.32,0.00,1.05,1.01
2026-06-24T13:17:09.916Z,0,0,0,0,0,2721,1291,430,0,17461,1.32,0.00,1.03,1.02
2026-06-24T13:18:09.922Z,0,0,0,0,0,2721,1291,430,0,17521,1.32,0.00,1.96,1.01
2026-06-24T13:19:09.925Z,0,0,0,0,0,2721,1291,430,0,17581,1.32,0.00,1.25,0.98
2026-06-24T13:20:09.925Z,0,0,0,0,0,2721,1291,430,0,17641,1.32,0.00,1.01,0.95
2026-06-24T13:21:09.929Z,0,0,0,0,0,2721,1291,430,0,17701,1.32,0.00,0.94,0.72
2026-06-24T13:22:09.932Z,0,0,0,0,0,2721,1291,430,0,17761,1.32,0.00,0.95,0.45
2026-06-24T13:23:09.935Z,0,0,0,0,0,2721,1291,430,0,17821,1.32,0.00,0.80,0.52
2026-06-24T13:24:09.936Z,0,0,0,0,0,2721,1291,430,0,17881,1.32,0.00,0.93,0.88
2026-06-24T13:25:09.938Z,0,0,0,0,0,2721,1291,430,0,17941,1.32,0.00,0.92,0.70
2026-06-24T13:26:09.942Z,0,0,0,0,0,2721,1291,430,0,18001,1.32,0.00,1.37,0.85
2026-06-24T13:27:09.946Z,0,0,0,0,0,2721,1291,430,0,18061,1.32,0.00,1.49,0.44
2026-06-24T13:28:09.949Z,0,0,0,0,0,2721,1291,430,0,18121,1.32,0.00,1.01,0.69
2026-06-24T13:29:09.951Z,0,0,0,0,0,2721,1291,430,0,18181,1.32,0.00,0.94,0.71
2026-06-24T13:30:09.954Z,0,0,0,0,0,2721,1291,430,0,18241,1.32,0.00,2.31,0.74
2026-06-24T13:31:09.959Z,0,0,0,0,0,2721,1291,430,0,18301,1.32,0.00,1.83,0.40
2026-06-24T13:32:09.961Z,0,0,0,0,0,2721,1291,430,0,18361,1.32,0.00,0.92,0.91
2026-06-24T13:33:09.962Z,0,0,0,0,0,2721,1291,430,0,18421,1.32,0.00,0.64,0.38
2026-06-24T13:34:09.964Z,0,0,0,0,0,2721,1291,430,0,18481,1.32,0.00,0.93,0.89
2026-06-24T13:35:09.967Z,0,0,0,0,0,2721,1291,430,0,18541,1.32,0.00,0.95,0.82
2026-06-24T13:36:09.972Z,0,0,0,0,0,2721,1291,430,0,18601,1.32,0.00,0.89,0.58
2026-06-24T13:37:09.977Z,0,0,0,0,0,2721,1291,430,0,18661,1.32,0.00,1.83,0.87
2026-06-24T13:38:09.977Z,0,0,0,0,0,2721,1291,430,0,18721,1.32,0.00,1.10,0.87
2026-06-24T13:39:09.979Z,0,0,0,0,0,2721,1291,430,0,18781,1.32,0.00,1.63,0.90
2026-06-24T13:40:09.982Z,0,0,0,0,0,2721,1291,430,0,18841,1.32,0.00,0.94,0.73
2026-06-24T13:41:09.986Z,0,0,0,0,0,2721,1291,430,0,18901,1.32,0.00,0.95,0.93
2026-06-24T13:42:09.987Z,0,0,0,0,0,2721,1291,430,0,18961,1.32,0.00,2.05,0.49
2026-06-24T13:43:09.988Z,0,0,0,0,0,2721,1291,430,0,19021,1.32,0.00,0.95,0.92
2026-06-24T13:44:09.993Z,0,0,0,0,0,2721,1291,430,0,19081,1.32,0.00,0.97,0.74
2026-06-24T13:45:09.997Z,0,0,0,0,0,2721,1291,430,0,19141,1.32,0.00,0.96,0.98
2026-06-24T13:46:09.999Z,0,0,0,0,0,2721,1291,430,0,19201,1.32,0.00,0.99,1.09
2026-06-24T13:47:10.001Z,0,0,0,0,0,2721,1291,430,0,19261,1.32,0.00,1.30,0.92
2026-06-24T13:48:10.002Z,0,0,0,0,0,2721,1291,430,0,19321,1.32,0.00,0.94,0.92
2026-06-24T13:49:10.007Z,0,0,0,0,0,2721,1291,430,0,19381,1.32,0.00,1.01,0.89
2026-06-24T13:50:10.010Z,0,0,0,0,0,2721,1291,430,0,19441,1.32,0.00,0.96,0.72
2026-06-24T13:51:10.013Z,0,0,0,0,0,2721,1291,430,0,19501,1.32,0.00,0.97,0.99
2026-06-24T13:52:10.013Z,0,0,0,0,0,2721,1291,430,0,19561,1.32,0.00,1.10,0.96
2026-06-24T13:53:10.018Z,0,0,0,0,0,2721,1291,430,0,19621,1.32,0.00,2.18,0.91
2026-06-24T13:54:10.022Z,0,0,0,0,0,2721,1291,430,0,19681,1.32,0.00,1.19,0.58
2026-06-24T13:55:10.027Z,0,0,0,0,0,2721,1291,430,0,19741,1.32,0.00,1.00,1.16
2026-06-24T13:56:10.028Z,0,0,0,0,0,2721,1291,430,0,19801,1.32,0.00,0.95,0.88
2026-06-24T13:57:10.029Z,0,0,0,0,0,2721,1291,430,0,19861,1.32,0.00,1.01,1.01
2026-06-24T13:58:10.033Z,0,0,0,0,0,2721,1291,430,0,19921,1.32,0.00,1.00,0.86
2026-06-24T13:59:10.038Z,0,0,0,0,0,2721,1291,430,0,19981,1.32,0.00,1.00,0.87
2026-06-24T14:00:10.041Z,0,0,0,0,0,2721,1291,430,0,20041,1.32,0.00,0.99,0.68
2026-06-24T14:01:10.043Z,0,0,0,0,0,2721,1291,430,0,20101,1.32,0.00,0.96,0.89
2026-06-24T14:02:10.043Z,0,0,0,0,0,2721,1291,430,0,20161,1.32,0.00,1.00,0.54
2026-06-24T14:03:10.048Z,0,0,0,0,0,2721,1291,430,0,20221,1.32,0.00,0.99,0.78
2026-06-24T14:04:10.051Z,0,0,0,0,0,2721,1291,430,0,20281,1.32,0.00,0.90,0.77
2026-06-24T14:05:10.052Z,0,0,0,0,0,2721,1291,430,0,20341,1.32,0.00,0.88,0.43
2026-06-24T14:06:10.054Z,0,0,0,0,0,2721,1291,430,0,20401,1.32,0.00,0.90,0.82
2026-06-24T14:07:10.059Z,0,0,0,0,0,2721,1291,430,0,20461,1.32,0.00,0.99,0.98
2026-06-24T14:08:10.064Z,0,0,0,0,0,2721,1291,430,0,20521,1.32,0.00,0.89,0.44
2026-06-24T14:09:10.065Z,0,0,0,0,0,2721,1291,430,0,20581,1.32,0.00,0.89,0.77
2026-06-24T14:10:10.067Z,0,0,0,0,0,2721,1291,430,0,20641,1.32,0.00,1.39,0.90
2026-06-24T14:11:10.068Z,0,0,0,0,0,2721,1291,430,0,20701,1.32,0.00,0.67,0.53
2026-06-24T14:12:10.072Z,0,0,0,0,0,2721,1291,430,0,20761,1.32,0.00,0.83,0.81
2026-06-24T14:13:10.075Z,0,0,0,0,0,2721,1291,430,0,20821,1.32,0.00,0.95,0.86
2026-06-24T14:14:10.079Z,0,0,0,0,0,2721,1291,430,0,20881,1.32,0.00,0.88,0.55
2026-06-24T14:15:10.079Z,0,0,0,0,0,2721,1291,430,0,20941,1.32,0.00,0.90,0.92
2026-06-24T14:16:10.081Z,0,0,0,0,0,2721,1291,430,0,21001,1.32,0.00,0.93,0.75
2026-06-24T14:17:10.086Z,0,0,0,0,0,2721,1291,430,0,21061,1.32,0.00,1.15,0.96
2026-06-24T14:18:10.086Z,0,0,0,0,0,2721,1291,430,0,21121,1.32,0.00,1.81,0.71
2026-06-24T14:19:10.087Z,0,0,0,0,0,2721,1291,430,0,21181,1.32,0.00,2.00,0.92
2026-06-24T14:20:10.090Z,0,0,0,0,0,2721,1291,430,0,21241,1.32,0.00,0.99,0.97
2026-06-24T14:21:10.094Z,0,0,0,0,0,2721,1291,430,0,21301,1.32,0.00,1.36,0.90
2026-06-24T14:22:10.099Z,0,0,0,0,0,2721,1291,430,0,21361,1.32,0.00,0.96,0.91
2026-06-24T14:23:10.102Z,0,0,0,0,0,2721,1291,430,0,21421,1.32,0.00,0.97,0.63
2026-06-24T14:24:10.102Z,0,0,0,0,0,2721,1291,430,0,21481,1.32,0.00,0.99,0.87
2026-06-24T14:25:10.105Z,0,0,0,0,0,2721,1291,430,0,21541,1.32,0.00,1.03,0.82
2026-06-24T14:26:10.107Z,0,0,0,0,0,2721,1291,430,0,21601,1.32,0.00,0.97,0.91
2026-06-24T14:27:10.111Z,0,0,0,0,0,2721,1291,430,0,21661,1.32,0.00,1.00,1.00
2026-06-24T14:28:10.112Z,0,0,0,0,0,2721,1291,430,0,21721,1.32,0.00,0.98,0.56
2026-06-24T14:29:10.113Z,0,0,0,0,0,2721,1291,430,0,21781,1.32,0.00,1.01,0.91
2026-06-24T14:30:10.118Z,0,0,0,0,0,2721,1291,430,0,21841,1.32,0.00,0.92,0.96
2026-06-24T14:31:10.123Z,0,0,0,0,0,2721,1291,430,0,21901,1.32,0.00,0.99,1.00
2026-06-24T14:32:10.126Z,0,0,0,0,0,2721,1291,430,0,21961,1.32,0.00,0.84,0.85
2026-06-24T14:33:10.129Z,0,0,0,0,0,2721,1291,430,0,22021,1.32,0.00,0.95,0.84
2026-06-24T14:34:10.130Z,0,0,0,0,0,2721,1291,430,0,22081,1.32,0.00,0.98,0.87
2026-06-24T14:35:10.134Z,0,0,0,0,0,2721,1291,430,0,22141,1.32,0.00,0.94,0.95
2026-06-24T14:36:10.136Z,0,0,0,0,0,2721,1291,430,0,22201,1.32,0.00,0.95,0.92
2026-06-24T14:37:10.139Z,0,0,0,0,0,2721,1291,430,0,22261,1.32,0.00,0.93,0.81
2026-06-24T14:38:10.141Z,0,0,0,0,0,2721,1291,430,0,22321,1.32,0.00,0.94,0.74
2026-06-24T14:39:10.141Z,0,0,0,0,0,2721,1291,430,0,22381,1.32,0.00,0.95,0.93
2026-06-24T14:40:10.146Z,0,0,0,0,0,2721,1291,430,0,22441,1.32,0.00,0.95,0.96
2026-06-24T14:41:10.148Z,0,0,0,0,0,2721,1291,430,0,22501,1.32,0.00,0.94,0.91
2026-06-24T14:42:10.152Z,0,0,0,0,0,2721,1291,430,0,22561,1.32,0.00,0.94,0.86
2026-06-24T14:43:10.151Z,0,0,0,0,0,2721,1291,430,0,22621,1.32,0.00,0.93,0.82
2026-06-24T14:44:10.156Z,0,0,0,0,0,2721,1291,430,0,22681,1.32,0.00,0.94,0.66
2026-06-24T14:45:10.160Z,0,0,0,0,0,2721,1291,430,0,22741,1.32,0.00,0.93,0.93
2026-06-24T14:46:10.162Z,0,0,0,0,0,2721,1291,430,0,22801,1.32,0.00,0.93,0.91
2026-06-24T14:47:10.164Z,0,0,0,0,0,2721,1291,430,0,22861,1.32,0.00,1.81,0.85
2026-06-24T14:48:10.163Z,0,0,0,0,0,2721,1291,430,0,22921,1.32,0.00,1.30,0.93
2026-06-24T14:49:10.168Z,0,0,0,0,0,2721,1291,430,0,22981,1.32,0.00,0.96,0.89
2026-06-24T14:50:10.171Z,0,0,0,0,0,2721,1291,430,0,23041,1.32,0.00,0.96,0.95
2026-06-24T14:51:10.172Z,0,0,0,0,0,2721,1291,430,0,23101,1.32,0.00,0.93,0.96
2026-06-24T14:52:10.178Z,0,0,0,0,0,2721,1291,430,0,23161,1.32,0.00,1.23,0.87
2026-06-24T14:53:10.181Z,0,0,0,0,0,2721,1291,430,0,23221,1.32,0.00,1.20,0.89
2026-06-24T14:54:10.185Z,0,0,0,0,0,2721,1291,430,0,23281,1.32,0.00,0.97,0.99
2026-06-24T14:55:10.185Z,0,0,0,0,0,2721,1291,430,0,23341,1.32,0.00,1.03,0.99
2026-06-24T14:56:10.186Z,0,0,0,0,0,2721,1291,430,0,23401,1.32,0.00,1.00,0.80
2026-06-24T14:57:10.189Z,0,0,0,0,0,2721,1291,430,0,23461,1.32,0.00,0.95,1.46
2026-06-24T14:58:10.192Z,0,0,0,0,0,2721,1291,430,0,23521,1.32,0.00,0.90,0.56
2026-06-24T14:59:10.195Z,0,0,0,0,0,2721,1291,430,0,23581,1.32,0.00,1.27,1.02
2026-06-24T15:00:10.196Z,0,0,0,0,0,2721,1291,430,0,23641,1.32,0.00,0.96,0.98
2026-06-24T15:01:10.197Z,0,0,0,0,0,2721,1291,430,0,23701,1.32,0.00,0.94,0.91
2026-06-24T15:02:10.200Z,0,0,0,0,0,2721,1291,430,0,23761,1.32,0.00,0.96,0.60
2026-06-24T15:03:10.204Z,0,0,0,0,0,2721,1291,430,0,23821,1.32,0.00,0.97,0.92
2026-06-24T15:04:10.207Z,0,0,0,0,0,2721,1291,430,0,23881,1.32,0.00,1.06,1.02
2026-06-24T15:05:10.207Z,0,0,0,0,0,2721,1291,430,0,23941,1.32,0.00,0.82,0.83
2026-06-24T15:06:10.214Z,0,0,0,0,0,2721,1291,430,0,24001,1.32,0.00,0.92,0.91
2026-06-24T15:07:10.216Z,0,0,0,0,0,2721,1291,430,0,24061,1.32,0.00,0.96,0.90
2026-06-24T15:08:10.219Z,0,0,0,0,0,2721,1291,430,0,24121,1.32,0.00,0.94,0.72
2026-06-24T15:09:10.221Z,0,0,0,0,0,2721,1291,430,0,24181,1.32,0.00,0.88,0.86
2026-06-24T15:10:10.222Z,0,0,0,0,0,2721,1291,430,0,24241,1.32,0.00,0.86,0.89
2026-06-24T15:11:10.227Z,0,0,0,0,0,2721,1291,430,0,24301,1.32,0.00,0.88,0.38
2026-06-24T15:12:10.231Z,0,0,0,0,0,2721,1291,430,0,24361,1.32,0.00,0.86,0.85
2026-06-24T15:13:10.235Z,0,0,0,0,0,2721,1291,430,0,24421,1.32,0.00,0.88,0.83
2026-06-24T15:14:10.234Z,0,0,0,0,0,2721,1291,430,0,24481,1.32,0.00,0.85,0.89
2026-06-24T15:15:10.239Z,0,0,0,0,0,2721,1291,430,0,24541,1.32,0.00,0.92,0.98
2026-06-24T15:16:10.243Z,0,0,0,0,0,2721,1291,430,0,24601,1.32,0.00,0.85,0.79
2026-06-24T15:17:10.245Z,0,0,0,0,0,2721,1291,430,0,24661,1.32,0.00,0.82,0.48
2026-06-24T15:18:10.247Z,0,0,0,0,0,2721,1291,430,0,24721,1.32,0.00,0.89,0.85
2026-06-24T15:19:10.247Z,0,0,0,0,0,2721,1291,430,0,24781,1.32,0.00,0.88,0.84
2026-06-24T15:20:10.251Z,0,0,0,0,0,2721,1291,430,0,24841,1.32,0.00,0.81,0.44
2026-06-24T15:21:10.254Z,0,0,0,0,0,2721,1291,430,0,24901,1.32,0.00,0.97,0.80
2026-06-24T15:22:10.258Z,0,0,0,0,0,2721,1291,430,0,24961,1.32,0.00,0.91,0.34
2026-06-24T15:23:10.257Z,0,0,0,0,0,2721,1291,430,0,25021,1.32,0.00,1.00,0.63
2026-06-24T15:24:10.259Z,0,0,0,0,0,2721,1291,430,0,25081,1.32,0.00,0.93,0.86
2026-06-24T15:25:10.263Z,0,0,0,0,0,2721,1291,430,0,25141,1.32,0.00,0.95,0.63
2026-06-24T15:26:10.266Z,0,0,0,0,0,2721,1291,430,0,25201,1.32,0.00,0.90,0.86
2026-06-24T15:27:10.267Z,0,0,0,0,0,2721,1291,430,0,25261,1.32,0.00,1.78,0.88
2026-06-24T15:28:10.268Z,0,0,0,0,0,2721,1291,430,0,25321,1.32,0.00,0.93,0.79
2026-06-24T15:29:10.273Z,0,0,0,0,0,2721,1291,430,0,25381,1.32,0.00,0.91,0.99
2026-06-24T15:30:10.276Z,0,0,0,0,0,2721,1291,430,0,25441,1.32,0.00,0.93,0.81
2026-06-24T15:31:10.279Z,0,0,0,0,0,2721,1291,430,0,25501,1.32,0.00,0.91,0.87
2026-06-24T15:32:10.282Z,0,0,0,0,0,2721,1291,430,0,25561,1.32,0.00,0.93,0.84
2026-06-24T15:33:10.283Z,0,0,0,0,0,2721,1291,430,0,25621,1.32,0.00,0.94,0.86
2026-06-24T15:34:10.287Z,0,0,0,0,0,2721,1291,430,0,25681,1.32,0.00,0.93,0.95
2026-06-24T15:35:10.291Z,0,0,0,0,0,2721,1291,430,0,25741,1.32,0.00,0.92,0.93
2026-06-24T15:36:10.293Z,0,0,0,0,0,2721,1291,430,0,25801,1.32,0.00,0.93,0.85
2026-06-24T15:37:10.296Z,0,0,0,0,0,2721,1291,430,0,25861,1.32,0.00,0.92,1.11
